PersonID,Date,Time,HHState,Zipcode,Sex,Age,HHsize,Kids,Auto_own,Married,Educ,HType,Worker,commute_before,commute_after,Transmode_before,changemode,Transmode_after,Commute_min,PhyAc_Before,Exe_Before,PhyAc_After,Exe_After,Groc_Shp,Outside_Ac,Outside_Purp,ONL_SHP,ONL_SHP_AFTR
1,4/10/2020,7:51:54 PM,AL,36693,2,37,2,2,1,2,4,4,1,1,3,1,2,-8,20,2,1,1,4,5,1,,2,-8
2,4/13/2020,11:53:18 AM,AL,36693,1,41,2,0,1,2,4,4,1,2,2,-8,-8,-8,0,1,2,1,1,5,2,,2,-8
3,6/1/2020,12:54:25 AM,AL,35487,1,30,3,3,7,2,4,4,1,1,4,1,-8,5,10,1,4,2,5,5,4,walk,1,3
4,4/23/2020,1:19:47 PM,AR,72703,1,30,2,2,1,2,4,4,1,1,3,1,2,-8,5,4,3,2,4,2,4,Went to the lab. Check the facilities.,2,-8
5,5/12/2020,11:31:01 AM,AR,72704,2,35,4,2,2,2,4,1,1,1,4,1,-8,-8,25,4,1,1,2,4,4,Perishable food items that are not purchased at a grocery store.,-8,1
6,4/12/2020,11:33:22 PM,AZ,85226,2,-8,-8,0,-8,2,4,1,1,3,4,1,-8,-8,25,1,1,1,4,4,1,,1,2
7,4/25/2020,3:23:12 AM,AZ,86004,2,36,4,2,2,2,4,1,1,1,4,1,-8,-8,10,4,2,1,4,3,4,,1,2
8,5/12/2020,8:01:10 PM,AZ,85281,2,30,2,2,2,2,4,4,1,1,4,3,-8,-8,20,2,2,1,2,5,1,,1,2
9,5/19/2020,12:58:16 PM,AZ,85326,1,76,2,0,1,2,4,1,1,2,2,1,2,-8,65,3,1,4,1,5,4,"Medical appointments, surgery",2,-8
10,5/26/2020,1:21:46 PM,AZ,85032,2,60,3,0,3,2,4,1,1,1,6,3,-8,-8,45,3,4,4,2,5,4,Outdoor group activities (socially distanced dog training); restaurant carry out services; just driving without leaving the car to take in some scenery,2,-8
11,5/26/2020,1:57:34 PM,AZ,85716,1,34,3,1,1,2,4,4,2,2,4,1,-8,-8,10,2,3,2,1,3,1,,1,2
12,5/26/2020,3:23:59 PM,AZ,85718,2,24,2,2,1,1,4,4,1,3,4,1,2,-8,15,2,2,2,5,3,4,Takeaway,2,3
13,4/10/2020,6:41:09 PM,CA,94609,2,31,2,0,0,2,4,4,1,1,4,3,-8,-8,60,2,1,2,2,5,4,Shopping,2,-8
14,4/12/2020,4:25:04 AM,CA,92603,2,45,3,1,2,2,4,1,1,3,4,1,-8,-8,15,1,2,3,2,2,2,Grocery shopping,1,3
15,4/12/2020,1:01:58 PM,CA,93619,1,40,3,1,2,2,4,1,1,1,1,5,2,5,15,1,1,1,1,5,1,,2,3
16,4/12/2020,1:55:10 PM,CA,94020,2,39,3,1,2,2,4,1,1,3,5,1,2,-8,20,4,4,4,3,2,1,,1,3
17,4/12/2020,2:18:58 PM,CA,94024,2,43,4,2,2,2,4,1,1,1,4,1,2,-8,60,3,3,4,4,4,1,,1,1
18,4/13/2020,11:45:51 AM,CA,92109,2,29,1,0,1,1,4,4,1,1,4,1,-8,-8,60,3,3,4,7,1,4,Visiting friends,1,3
19,4/14/2020,6:42:44 PM,CA,94501,1,36,3,3,1,2,4,3,1,3,5,3,-8,-8,20,4,3,2,2,5,1,,-8,-8
20,4/15/2020,3:19:41 AM,CA,95814,2,33,1,0,0,1,4,4,1,1,4,4,-8,-8,14,2,2,4,2,5,1,,1,1
21,4/23/2020,12:03:47 AM,CA,94536,2,64,1,0,1,1,3,1,1,3,5,3,-8,-8,30,1,1,1,1,4,4,"Deliver items to non-profits, check in with staff, pick up pet food, pick up food from restaurants",2,2
22,4/24/2020,8:11:18 PM,CA,95117,2,34,3,1,2,2,4,1,1,1,4,1,-8,-8,60,4,4,2,2,2,1,,1,3
23,5/1/2020,8:04:53 PM,CA,92782,2,36,2,0,2,1,4,3,1,2,2,1,-8,-8,20,1,2,2,3,3,1,,1,3
24,5/8/2020,7:24:04 AM,CA,92127,2,35,5,3,3,2,3,1,1,1,4,1,-8,1,15,3,3,2,6,4,1,,2,-8
25,5/12/2020,9:18:38 AM,CA,90020,2,38,2,0,2,1,4,4,1,1,6,1,-8,-8,7,1,1,2,2,3,4,Drop off groceries or prescriptions  to elderly parents,1,3
26,5/12/2020,11:14:10 AM,CA,92105,2,46,4,2,2,2,3,1,3,1,7,1,-8,-8,35,3,4,1,2,3,1,,1,3
27,5/12/2020,11:47:16 AM,CA,95062,2,48,3,1,5,2,4,1,1,3,2,-8,-8,-8,0,2,2,4,7,3,2,See family outside in their yard for Mother�s Day,2,-8
28,5/12/2020,4:23:52 PM,CA,90720,2,20,4,2,3,1,3,1,1,1,3,1,2,-8,30,4,4,2,6,1,1,,1,1
29,5/12/2020,6:09:48 PM,CA,94706,2,45,2,0,2,2,4,4,1,1,6,6,-8,-8,20,2,1,1,2,1,1,,1,1
30,5/12/2020,7:51:39 PM,CA,94707,2,50,2,1,1,1,4,1,1,1,4,1,-8,-8,10,2,1,3,5,5,4,"social, but distanced from friends",1,1
31,5/12/2020,7:56:13 PM,CA,00000,1,41,4,2,3,2,4,1,1,1,4,1,-8,-8,35,2,3,1,3,5,3,Social.,1,1
32,5/13/2020,1:00:04 PM,CA,90046,1,54,2,0,2,2,4,1,1,1,4,3,-8,-8,45,2,3,3,5,2,1,,1,1
33,5/13/2020,4:13:55 PM,CA,94519,2,25,2,0,2,1,3,3,1,1,1,1,2,-8,25,2,3,2,4,5,1,,1,2
34,5/15/2020,3:40:47 AM,CA,94066,2,25,4,0,2,1,4,1,3,1,7,4,-8,-8,26,3,2,2,3,4,1,,2,2
35,5/15/2020,5:25:30 PM,CA,94602,1,38,4,2,1,2,4,1,1,3,4,5,-8,-8,30,4,4,2,4,4,4,,2,3
36,5/17/2020,2:15:51 PM,CA,94568,1,36,3,1,2,2,4,4,1,1,4,7,1,1,60,2,3,1,6,5,3,Picking up food from relatives home,2,-8
37,5/17/2020,7:00:08 PM,CA,94043,1,34,6,1,3,2,4,1,1,1,4,1,2,-8,35,2,3,4,3,3,1,,1,1
38,5/17/2020,9:22:00 PM,CA,94547,1,59,3,0,3,2,4,1,1,1,4,1,-8,-8,25,2,2,4,3,3,1,,1,1
39,5/19/2020,2:03:12 PM,CA,94024,2,79,2,0,2,2,4,1,3,-8,-8,1,2,-8,20,3,4,2,7,4,1,,2,-8
40,5/19/2020,11:04:55 PM,CA,94706,1,32,3,1,2,2,4,4,1,3,4,1,-8,-8,30,3,2,3,5,4,2,meeting a friend,1,3
41,5/20/2020,1:20:13 PM,CA,90404,1,65,2,2,2,-8,4,3,2,3,6,1,-8,1,30,3,3,4,2,5,4,Family visit,1,1
42,5/20/2020,5:35:50 PM,CA,92610,1,54,4,0,3,2,4,1,1,1,1,1,2,-8,45,1,4,2,2,3,1,,2,-8
43,5/24/2020,3:39:23 PM,CA,92610,1,54,4,0,3,2,4,1,1,1,1,1,2,-8,45,1,4,2,2,3,1,,2,-8
44,5/25/2020,8:48:38 PM,CA,94577,1,72,2,0,2,2,4,1,2,2,2,-8,2,-8,0,2,1,1,1,1,4,drop off mail,1,1
45,5/25/2020,11:15:02 PM,CA,90038,2,40,2,0,1,2,4,3,1,1,4,5,-8,-8,50,2,3,3,7,5,3,Take care of elderly parents,1,1
46,5/25/2020,11:28:45 PM,CA,94705,1,27,3,0,1,1,4,1,1,1,4,3,-8,-8,55,2,2,2,1,5,1,,2,-8
47,5/26/2020,7:27:13 AM,CA,91773,1,65,3,0,3,2,4,3,1,1,4,3,1,1,60,3,4,4,3,5,4,,1,1
48,5/26/2020,11:12:16 AM,CA,94104,2,38,4,2,1,2,4,1,1,3,6,1,2,-8,90,2,3,3,2,5,4,"I walk my dog, take my kids out for their activities",2,-8
49,5/26/2020, 12:55:53 PM,CA,90064,1,32,2,0,1,2,4,1,1,1,5,3,-8,-8,60,2,2,4,5,3,4,Leisure drives and/or see immediate family,2,2
50,5/26/2020,1:40:07 PM,CA,94123,1,29,2,0,3,1,4,4,1,1,6,1,2,-8,15,3,4,4,7,1,4,Change of scenery,1,1
51,5/27/2020,12:45:37 PM,CA,95661,1,61,4,1,3,2,4,1,1,1,4,3,-8,-8,35,4,3,2,7,2,4,hardware / auto parts / office supply store,2,-8
52,5/27/2020,12:50:54 PM,CA,94705,2,25,2,0,0,1,4,2,1,3,5,5,-8,-8,15,3,3,1,5,5,4,Spending time in parks,2,2
53,5/27/2020,1:28:10 PM,CA,95814,2,66,1,0,1,1,4,1,1,1,4,1,-8,1,21,3,2,2,1,5,1,,1,2
54,5/27/2020,3:33:25 PM,CA,90064,2,60,2,0,2,2,4,1,1,1,4,1,-8,-8,15,3,3,4,5,3,4,"Deliver groceries to an elderly parent, drop off forms at accountant",1,3
55,5/27/2020,3:47:04 PM,CA,94404,2,38,6,4,2,2,4,1,2,2,2,-8,-8,-8,0,3,3,3,2,5,1,,2,3
56,5/27/2020,3:51:56 PM,CA,93730,1,63,4,0,4,2,3,1,4,-8,-8,-8,-8,-8,0,4,3,1,4,5,1,,1,2
57,5/27/2020,4:28:13 PM,CA,94063,1,73,2,0,2,2,4,1,2,2,2,3,2,-8,90,3,3,1,2,5,2,To retrieve files from spouse's office,1,3
58,5/27/2020,4:52:05 PM,CA,90005,2,28,1,0,0,1,4,4,1,3,4,3,-8,-8,75,3,3,2,1,4,2,Socially distanced birthday picnic,1,1
59,5/27/2020,4:59:34 PM,CA,93513,2,61,2,0,2,2,4,1,1,1,4,1,-8,-8,16,2,4,4,2,3,4,"Very rural area: other trips - went to buy tomato plants, paycheck, bank deposit -- husband does most grocery shopping ( 4+x month).  We did online organic grocery shopping even before COVID -- but had to stop until they restocked - now they are back in business and I am grocery shopping online again.",1,1
60,5/27/2020,7:02:16 PM,CA,91403,2,33,2,0,2,2,4,1,2,3,4,1,-8,-8,35,3,3,3,2,3,1,,2,-8
61,5/27/2020,7:22:26 PM,CA,90404,1,31,1,0,1,1,4,4,2,1,6,1,-8,-8,12,2,3,4,6,5,4,Take-out food to support local businesses,2,-8
62,5/28/2020,7:35:44 PM,CA,90028,2,34,2,0,0,2,4,2,1,1,4,3,-8,-8,45,3,3,1,7,5,4,"We moved apartments so this required trips to a U-Haul location and car rental. We also bought plants at a nursery, and went to a socially distant bonfire in a friends front yard.",1,2
63,6/8/2020,8:48:54 PM,CA,91910,1,33,3,0,3,1,4,1,1,1,6,1,-8,-8,25,3,3,1,5,5,4,Just to get out,2,2
64,5/12/2020,9:30:10 AM,CO,81301,2,43,1,0,1,1,4,3,1,1,3,1,2,-8,8,3,2,4,6,3,4,Work,2,-8
65,5/12/2020,12:05:48 PM,CO,80528,2,58,2,0,2,2,4,1,1,3,3,1,2,-8,8,3,3,3,5,5,4,Pick up take out food and go to work.,2,-8
66,5/18/2020,10:54:07 PM,CO,80301,1,62,1,0,1,1,4,4,3,-8,-8,2,-8,-8,N/A,2,1,1,1,4,3,social activism,1,2
67,5/22/2020,5:58:34 PM,CO,80202,1,70,4,0,2,2,4,1,1,1,4,3,-8,-8,60,1,1,1,5,5,4,Hardware,2,-8
68,5/26/2020,11:04:03 AM,CO,80215,1,34,3,1,1,2,4,4,1,1,4,2,2,-8,7,2,2,1,1,4,4,Hospital visits,1,3
69,5/26/2020,11:26:56 AM,CO,80401,1,25,6,0,5,1,3,2,1,1,4,1,-8,-8,10,1,2,2,5,3,4,Take outs,2,-8
70,5/26/2020,11:37:40 AM,CO,80403,1,35,3,1,2,2,4,1,1,1,4,1,-8,-8,15,3,3,4,6,4,4,,2,-8
71,5/26/2020,11:42:53 AM,CO,80033,1,28,2,0,2,1,4,1,1,1,4,5,-8,-8,30,4,4,4,7,3,1,,2,2
72,5/26/2020,3:16:05 PM,CO,80303,1,33,3,1,2,2,4,3,1,1,6,3,-8,-8,45,3,3,4,7,3,4,"Recreation, restaurant curbside pickup, and seeing friends in backyards at a distance",2,3
73,5/26/2020,8:59:57 PM,CO,80214,1,29,2,0,3,2,4,1,1,3,4,1,-8,-8,20,3,4,4,7,5,1,,2,-8
74,6/13/2020,4:28:07 PM,CO,80301,2,50,3,1,3,2,4,1,1,3,4,7,2,7,50,3,4,4,3,5,4,Walk my dog,2,-8
75,6/7/2020,7:54:44 PM,CO,80004,2,36,3,1,2,2,4,1,1,1,4,1,-8,-8,20,2,2,4,4,2,1,,2,3
76,4/14/2020,7:34:03 PM,CT,06268,1,64,2,2,2,2,4,1,1,1,4,4,-8,-8,30,4,1,2,1,5,3,,2,2
77,4/15/2020,2:04:35 PM,CT,06279,2,28,3,0,2,2,4,4,1,1,4,5,2,-8,30,4,4,4,2,1,1,,1,2
78,5/12/2020,9:24:22 AM,CT,06107,2,32,4,2,2,2,4,1,1,1,5,1,-8,-8,10,2,3,3,4,1,3,Bring kids to grandparents house for childcare,2,-8
79,5/26/2020,10:10:46 AM,CT,06440,1,51,2,0,1,-8,4,3,1,3,2,1,-8,-8,65,2,1,2,1,5,1,,2,1
80,5/27/2020,8:37:02 AM,CT,06419,2,53,3,0,3,2,4,1,1,1,4,1,-8,-8,25,4,3,3,5,4,1,,1,3
81,4/12/2020,12:07:53 PM,DC,20009,2,40,1,0,0,1,4,4,1,1,4,3,-8,7,30,4,3,2,2,4,1,,1,2
82,4/12/2020,12:27:40 PM,DC,2016,2,39,1,0,1,1,4,3,1,1,4,4,-8,-8,10,2,3,3,2,3,1,,2,-8
83,4/13/2020,9:28:18 AM,DC,20009,1,56,1,0,0,1,3,1,1,1,4,3,-8,-8,40,1,2,4,1,5,1,,2,-8
84,4/14/2020,10:19:49 PM,DC,20001,2,25,1,0,0,1,4,4,1,3,4,3,-8,-8,55,4,4,2,5,4,1,,1,2
85,4/15/2020,9:56:51 AM,DC,20001,2,34,3,1,1,2,4,3,1,3,4,3,-8,-8,52,3,3,3,5,1,3,Hospital and doctors visits,1,1
86,4/15/2020,2:29:32 PM,DC,20003,2,35,2,0,1,2,4,4,1,3,4,3,-8,7,130,2,2,4,7,4,1,I answered None to the question above but am still required to provide an answer to this question - please check survey logic for this question and the last question. :-),2,2
87,4/16/2020,10:34:16 PM,DC,20008,2,33,2,0,1,2,3,3,1,1,4,1,-8,-8,40,3,4,4,5,1,3,Doctor,1,1
88,4/28/2020,9:52:29 PM,DC,20001,2,26,2,0,0,1,4,4,1,3,6,3,2,-8,25,2,2,1,2,4,1,,1,1
89,4/29/2020,2:38:02 PM,DC,20010,2,45,4,2,0,2,4,3,1,3,4,3,-8,-8,25,3,3,4,4,5,4,"takeout, hardware store",1,2
90,5/9/2020,4:01:08 PM,DC,20018,2,24,2,0,1,1,3,4,1,3,4,3,-8,-8,6,2,2,2,1,3,1,,2,-8
91,5/12/2020,11:25:38 AM,DC,20011,-8,23,12,0,2,1,3,2,1,1,5,3,-8,-8,45,1,2,3,1,3,2,hospital,1,3
92,5/12/2020,12:42:34 PM,DC,20010,2,30,2,0,1,2,4,3,3,-8,-8,5,-8,-8,20,4,4,4,7,4,4,I have gone back and forth to a house with land my family owns. When I drive down and back I make no stops.,1,3
93,5/12/2020,10:25:42 PM,DC,20008,2,31,2,0,1,-8,3,3,1,3,4,3,-8,-8,30,3,3,4,5,3,3,Moving,1,2
94,5/15/2020,5:12:47 PM,DC,20011,1,28,3,0,1,2,4,3,1,3,4,3,-8,-8,35,3,3,4,7,5,4,Hiking in a remote area.  That is the only thing I've done outside my home other than grocery shop,2,-8
95,5/16/2020,4:52:43 PM,DC,20009,2,50,1,1,0,1,4,3,1,1,7,4,-8,-8,25,3,2,4,1,1,4,"Drop items off/see a friend with social distancing outside,  pick up take-out food, go to doctor",1,2
96,5/17/2020,4:23:20 PM,DC,20007,2,56,1,0,1,1,4,3,1,2,2,-8,2,-8,0,4,3,3,2,1,1,NA,1,3
97,5/19/2020,11:04:40 AM,DC,20009,2,28,1,0,1,1,4,3,1,3,2,1,2,-8,40,4,4,4,7,3,4,"work, walking the dog",1,2
98,5/26/2020,7:23:50 AM,DC,20001,2,36,1,0,0,1,4,4,1,1,4,4,2,-8,15,3,4,4,4,3,3,Visit a friend - sitting on the other side of her yard,2,3
99,5/26/2020,9:25:06 AM,DC,20017,2,29,2,0,1,2,4,4,1,1,4,5,-8,-8,15,2,3,4,6,5,3,Recreational cycling,2,2
100,5/27/2020,1:21:55 PM,DC,20012,2,39,2,0,0,2,4,1,1,1,4,3,-8,-8,50,3,3,3,5,3,2,I had to drop something off at FedEx,1,3
101,5/29/2020,12:05:52 PM,DC,20016,2,69,3,0,1,2,4,1,2,2,6,3,-8,-8,30,3,3,2,7,5,1,,2,-8
102,6/17/2020,3:06:37 PM,DC,20036,2,23,2,0,0,1,3,4,1,1,5,3,-8,-8,20,3,3,2,2,5,4,To hang out with friends,2,-8
103,6/29/2020,11:29:03 AM,DC,20024,1,44,2,0,2,2,4,3,1,1,5,1,-8,-8,25,4,2,3,1,5,4,Exercise,2,-8
104,5/12/2020,10:00:55 AM,DE,19808,2,59,2,0,2,2,3,1,1,1,6,1,-8,-8,20,4,4,2,5,5,4,Helping elderly parents; helping with grandchildren,2,2
105,5/26/2020,5:17:48 PM,DE,19711,2,48,3,1,2,2,4,1,1,1,4,4,-8,-8,15,3,1,4,7,5,1,,2,-8
106,5/26/2020,6:00:51 PM,DE,19711,1,42,4,2,2,2,4,1,1,1,4,1,-8,-8,10,1,2,3,2,5,1,,1,2
107,5/26/2020,9:54:30 PM,DE,19808,1,63,4,0,2,2,4,1,1,1,4,5,-8,-8,30,4,4,3,6,3,1,,1,2
108,5/27/2020,10:51:10 AM,DE,19715,2,31,4,2,0,2,4,4,3,3,7,3,-8,-8,15,2,2,3,1,4,1,,1,2
109,5/27/2020,2:48:35 PM,DE,19711,2,52,3,1,3,2,3,1,1,1,4,1,-8,-8,15,2,1,2,4,3,3,Did a drive by birthday greeting and a violin lesson that was outside with appropriate distancing.,2,-8
110,5/27/2020,3:40:00 PM,DE,19711,2,38,1,0,1,1,4,3,1,3,4,1,-8,-8,15,3,3,4,2,2,4,Accessing veterinary care and medications for pets,1,3
111,5/28/2020, 3:25:08 PM,DE,19702,1,73,1,0,1,1,4,1,1,3,6,1,2,-8,30,3,4,4,3,3,4,walking/cycling,1,1
112,5/29/2020,10:12:25 AM,DE,19711,2,48,4,2,3,2,3,3,1,1,4,1,-8,-8,30,3,3,4,7,3,1,,2,-8
113,6/1/2020,4:07:49 PM,DE,19711,2,41,2,0,2,2,3,1,1,1,4,1,-8,-8,20,3,3,3,5,5,1,,2,-8
114,6/29/2020,6:32:26 PM,DE,19702,2,60,2,0,2,2,4,1,1,1,6,1,-8,-8,25,3,4,4,3,5,3,"visit friends ---
1. deliver masks
2. Small party ---celebration of graduation",2,-8
115,6/29/2020,8:44:59 PM,DE,19702,2,28,2,0,2,2,4,3,1,2,5,1,-8,-8,40,1,2,4,3,1,4,Visiting family (dropping off food and supplies),1,3
116,5/20/2020,1:44:29 PM,FL,34236,2,57,1,0,1,2,4,3,1,1,4,1,2,-8,10,4,4,1,7,5,1,,2,-8
117,5/20/2020,3:17:16 PM,FL,34236,2,57,1,0,1,2,4,3,1,1,4,1,2,-8,10,4,4,1,7,5,1,,2,-8
118,6/26/2020,7:46:41 PM,FL,34236,2,57,1,0,1,2,4,3,1,-8,4,1,2,-8,10,4,4,1,7,5,1,,2,-8
119,4/11/2020,9:39:41 AM,FL,33172,1,27,2,0,1,2,4,4,1,1,4,1,-8,1,10,3,3,2,1,3,4,,2,-8
120,4/11/2020,2:12:14 PM,FL,33172,2,28,2,0,1,2,4,1,1,1,4,1,2,-8,15,1,3,3,4,3,3,Work-related,2,-8
121,5/12/2020,11:49:34 AM,FL,34743,2,54,2,0,1,1,4,1,3,-8,-8,-8,-8,-8,0,3,3,3,1,4,1,,2,-8
122,5/12/2020,4:35:28 PM,FL,33904,2,39,4,3,2,2,4,1,1,3,6,1,-8,-8,35,4,4,1,4,2,1,,1,2
123,5/12/2020,7:54:48 PM,FL,33176,2,46,1,0,1,1,4,3,1,1,4,1,-8,-8,30,3,3,4,7,5,4,"Drugstore, Office Depot, Home Depot, Loews",2,2
124,5/12/2020,8:31:09 PM,FL,34761,1,29,5,0,3,1,4,1,1,3,4,2,-8,-8,45,2,1,1,1,5,1,,2,-8
125,5/13/2020,11:53:09 AM,FL,33612,2,29,3,0,3,1,4,4,1,2,4,5,2,-8,10,1,2,4,2,3,2,Help friends,2,2
126,5/18/2020,8:01:04 PM,FL,33624,2,61,2,0,2,2,4,1,1,3,4,1,2,-8,30,2,3,3,2,5,4,,2,-8
127,5/25/2020,8:50:32 PM,FL,34695,2,58,1,0,1,3,3,1,1,2,2,-8,2,-8,0,4,4,4,7,1,4,Visit friends to sit outside,1,1
128,5/26/2020,10:24:08 AM,FL,33558,1,46,4,2,2,2,4,1,1,1,4,1,-8,-8,25,2,2,2,5,4,4,"visiting family, haircut, dentist appt.",2,2
129,5/26/2020,10:49:17 AM,FL,34787,2,50,4,1,3,2,4,1,2,3,4,1,-8,-8,45,1,2,4,2,5,4,"doctors visits, visit friends",1,3
130,5/27/2020,10:01:24 AM,FL,32413,1,53,2,0,2,2,3,1,1,1,4,1,-8,-8,20,4,3,4,7,3,4,Non-grocery shopping. Eat out (recently),2,-8
131,5/27/2020,12:34:12 PM,FL,33182,1,34,2,0,2,1,4,1,2,1,4,1,2,-8,15,4,1,4,1,3,1,,2,2
132,5/27/2020,1:04:21 PM,FL,33647,2,50,5,0,3,2,4,1,1,1,4,1,2,-8,30,1,1,2,2,3,1,,1,-8
133,5/27/2020,1:26:54 PM,FL,32303,2,54,4,2,2,2,4,1,1,1,4,1,-8,-8,7,3,4,4,7,5,4,"Picking up food, stopping at office, picking up things at school, dropping things off at school/other places, taking cat to vet",1,2
134,5/27/2020,1:41:19 PM,FL,32714,2,46,4,1,4,2,4,1,1,3,3,1,2,-8,N/A,3,4,4,7,5,3,Check on family,1,1
135,5/27/2020,2:36:20 PM,FL,32305,2,0,2,0,2,2,4,1,1,1,4,1,-8,-8,35,2,2,3,2,5,3,medical,1,2
136,5/27/2020,8:24:12 PM,FL,33304,2,56,2,0,0,1,4,4,1,1,4,6,1,7,5,3,2,1,2,4,1,,2,-8
137,5/12/2020,10:25:39 AM,GA,30002,2,54,3,0,3,2,4,1,1,3,4,1,-8,-8,25,1,3,4,2,3,4,"Day trip to neighboring state (Alabama) to help my college son retrieve belongings that he had left behind in his dorm at the start of the lockdown (occurred after both my state and the neighboring state lifted their stay-at-home mandates, with less than 2 hours spent at the dorm and an additional stop at a state park en route to eat a packed lunch and hike); two or three socially-distanced visits to help my elderly mother, who lives in my neighborhood and is not leaving her home.",2,-8
138,5/14/2020,10:45:35 AM,GA,30067,2,22,2,0,1,1,4,4,1,1,4,4,-8,-8,5,3,3,1,2,2,4,Moving to new apt,1,1
139,5/26/2020,10:01:29 AM,GA,30317,2,55,4,0,3,2,4,1,1,3,4,1,-8,-8,30,2,2,4,4,3,2,buying chicks from a farm outside Atlanta.,2,-8
140,5/26/2020,10:32:32 AM,GA,30269,2,63,2,0,2,2,4,1,4,-8,-8,-8,-8,-8,0,4,4,4,4,2,3,Mailing/shipping; pick up prepared food,1,2
141,5/26/2020,10:50:09 AM,GA,30307,2,41,2,0,2,-8,4,3,1,1,4,1,-8,-8,15,3,3,3,2,4,4,I started fostering cats and have had to make several trips back and forth to the animal shelter.,2,-8
142,5/26/2020,11:10:33 AM,GA,30309,1,41,1,1,1,1,4,3,1,1,4,4,-8,-8,17,3,2,2,4,5,2,,1,1
143,5/27/2020,5:49:56 PM,GA,30076,2,66,2,0,1,2,4,1,2,3,4,2,-8,-8,35,3,4,4,2,3,1,,2,-8
144,6/5/2020,10:19:59 AM,GA,30263,1,37,7,3,4,2,4,1,1,1,4,1,-8,-8,55,2,2,3,5,5,4,"Shopping, Social, Exercise",1,1
145,5/28/2020,6:08:02 PM,ID,83686,2,44,4,2,2,2,4,1,1,1,6,1,-8,-8,6,4,3,3,3,1,3,I had to return to my work for needed resources to work form home.,1,1
146,4/12/2020,2:47:54 PM,IL,60563,1,35,3,1,2,2,4,2,1,1,3,1,2,-8,50,2,3,2,2,4,1,,1,3
147,4/16/2020,5:41:31 PM,IL,60631,1,26,3,3,3,1,3,1,1,1,4,3,-8,-8,75,2,3,2,1,2,1,,1,3
148,4/27/2020,9:26:09 AM,IL,60148,2,39,5,2,2,3,4,3,1,1,1,1,2,-8,15,4,4,3,2,5,1,,2,3
149,5/12/2020,11:41:08 AM,IL,60015,2,23,6,1,3,1,3,1,3,-8,7,3,-8,-8,89,2,4,4,5,1,4,Fun r,2,2
150,5/12/2020,11:47:30 AM,IL,61821,2,41,2,0,2,-8,4,1,1,1,4,1,-8,-8,10,3,3,4,7,4,1,,2,-8
151,5/26/2020,9:21:31 AM,IL,60640,2,32,3,1,1,2,4,3,1,3,4,3,-8,-8,50,2,2,1,1,3,1,,1,1
152,5/26/2020,10:25:40 AM,IL,61874,1,46,6,4,3,2,4,1,1,1,1,1,2,-8,6,3,2,2,4,5,4,"Funeral, Support family needs",2,2
153,5/26/2020,3:55:03 PM,IL,60616,2,60,2,0,0,2,4,4,1,3,6,3,1,4,20,3,3,3,7,1,3,Pharmacy,1,1
154,5/27/2020,5:08:12 PM,IL,60657,2,51,3,1,1,2,4,2,1,1,4,3,-8,5,40,3,2,3,3,4,1,,2,2
155,5/28/2020,12:05:40 PM,IL,60613,1,68,2,0,1,2,4,2,2,3,4,3,-8,-8,40,3,3,4,2,5,3,to pick up  take out food order,2,-8
156,5/12/2020,5:41:24 PM,IN,46220,2,57,2,0,3,2,4,1,1,1,6,1,-8,-8,25,3,3,2,4,2,1,,2,-8
157,5/26/2020,1:05:55 PM,IN,47904,2,23,2,0,2,1,3,4,1,2,4,3,-8,-8,35,1,2,2,2,5,1,,2,2
158,5/26/2020,4:28:19 PM,IN,47906,2,27,2,0,2,1,4,4,2,3,6,1,2,-8,10,3,4,1,2,2,1,,1,3
159,5/28/2020,9:46:01 AM,IN,47906,2,27,2,0,2,1,4,4,2,-8,6,1,2,-8,10,3,4,1,2,2,1,,1,3
160,5/28/2020,10:42:46 PM,IN,47906,2,27,2,0,2,1,4,4,2,-8,6,1,2,-8,10,3,4,1,2,2,1,,1,3
161,4/10/2020,8:50:38 PM,IA,,2,36,3,2,1,2,4,1,1,2,4,3,-8,7,60,4,1,3,4,4,1,,2,-8
162,5/14/2020,10:43:06 AM,IA,52722,2,49,3,0,3,2,4,1,1,1,5,1,-8,-8,5,3,1,2,4,4,4,,2,-8
163,5/27/2020,8:41:23 PM,IA,50701,2,44,2,0,2,2,4,1,1,1,4,1,-8,-8,13,3,4,4,7,3,3,"ER for husband's broken thumb, ER for my (non-covid) pneumonia",1,1
164,5/12/2020,10:00:09 PM,KS,66502,2,26,1,0,0,1,4,4,1,3,5,4,-8,-8,8,3,3,3,3,3,4,I helped my mother move and delivered a present to a friend.,1,2
165,5/28/2020,10:53:51 AM,KS,66047,1,40,3,1,2,2,4,3,1,3,6,1,-8,-8,15,3,3,3,6,5,1,,1,3
166,4/12/2020,8:13:44 AM,MA,02155,2,30,3,1,1,2,4,4,3,-8,-8,1,2,-8,N/A,2,1,3,1,3,1,,1,3
167,5/12/2020,9:17:01 AM,MA,02453,2,48,4,2,2,2,4,1,1,1,4,1,-8,-8,30,2,2,1,2,5,3,Birthday parades,2,2
168,5/12/2020,9:21:12 AM,MA,02492,2,52,4,2,3,2,3,1,3,-8,-8,-8,-8,-8,0,3,3,4,7,5,4,"Drop off ear savers at hospital, check on other home",1,2
169,5/12/2020,9:25:14 AM,MA,01541,2,30,2,0,2,2,4,1,1,1,4,1,-8,-8,30,2,2,4,3,5,3,"Went to my office once to pick up documents, went to my parents' to drop off flowers and talk to my mom from a distance on Mothers' Day",1,3
170,5/12/2020,9:44:12 AM,MA,02144,2,36,2,0,0,2,4,4,1,3,5,4,-8,-8,40,4,2,3,6,5,1,,2,-8
171,5/12/2020,9:46:01 AM,MA,02145,2,23,3,0,2,1,3,2,1,1,4,1,-8,-8,45,2,3,4,1,4,4,Road trip/travel to open state parks to exercise,2,2
172,5/12/2020,10:03:53 AM,MA,02155,2,23,2,0,2,1,4,3,1,1,4,1,-8,-8,35,2,2,1,5,4,4,Visiting parents once a week,2,-8
173,5/12/2020,11:43:06 AM,MA,01830,2,50,4,1,3,2,4,1,1,1,4,1,-8,-8,45,3,3,4,3,4,1,,2,-8
174,5/12/2020,1:45:29 PM,MA,02052,2,49,4,2,2,2,4,1,3,-8,-8,-8,-8,-8,0,3,2,2,2,1,1,,2,1
175,5/12/2020,6:35:31 PM,MA,02453,2,48,4,2,2,2,4,1,1,1,4,1,-8,-8,30,2,2,1,2,5,3,Birthday parades,2,2
176,5/12/2020,8:05:00 PM,MA,02176,1,61,2,0,2,2,4,1,1,3,4,1,-8,-8,15,3,4,4,1,4,4,"pickup takeout food, drive to location for active recreation",2,-8
177,5/12/2020,9:25:58 PM,MA,02140,1,43,2,0,0,2,4,3,1,1,4,3,-8,-8,30,3,3,3,7,3,4,visit family,1,2
178,5/13/2020,6:58:21 AM,MA,02474,1,59,2,0,1,2,4,1,1,3,4,3,-8,-8,40,2,4,3,2,2,1,,1,3
179,5/14/2020,7:29:37 AM,MA,02135,2,24,2,0,0,1,3,4,1,1,4,4,-8,-8,40,4,4,4,7,4,1,,1,3
180,5/21/2020,8:06:17 AM,MA,02420,1,75,2,0,3,2,3,1,4,-8,-8,1,-8,-8,30,4,4,4,3,4,4,"visiting family,  shopping.",2,-8
181,5/21/2020,8:14:39 AM,MA,02420,2,62,2,0,3,2,4,1,1,1,7,1,2,-8,60,4,2,2,4,5,4,visiting my mother,2,-8
182,5/26/2020,7:43:27 AM,MA,01060,1,42,2,0,1,2,4,3,1,2,2,-8,2,-8,0,3,4,4,7,3,3,To go for hikes,-8,-8
183,5/26/2020,11:23:29 AM,MA,01880,2,64,1,0,1,1,4,1,2,2,2,-8,-8,-8,0,4,4,4,1,3,2,Shop at a pet store for cat food,2,-8
184,5/26/2020,1:13:56 PM,MA,02148,1,33,2,0,2,2,4,1,1,1,4,3,-8,-8,35,4,3,2,7,5,3,"Visit family, leisure bike ride",2,-8
185,5/28/2020,2:10:15 PM,MA,02143,1,31,1,0,0,1,4,4,2,3,4,5,-8,-8,10,4,4,4,3,4,4,"Socially distanced socializing, walks",1,3
186,5/26/2020,6:03:01 AM,ME,04473,2,68,3,0,2,2,4,1,2,1,4,4,-8,-8,45,4,4,4,1,5,1,,2,-8
187,5/26/2020,6:48:27 AM,ME,04469,1,60,2,0,3,2,4,1,1,1,3,1,2,-8,20,4,4,3,7,5,4,helped move my son into an apartment,2,2
188,5/26/2020,8:27:28 PM,ME,04101,2,54,1,0,1,3,4,4,1,1,6,4,-8,-8,5,3,2,4,7,5,4,To visit elderly parents and to drive to take breaks from isolation.,2,2
189,5/26/2020,10:00:21 PM,ME,04106,2,58,2,0,2,2,4,1,1,1,4,1,-8,-8,10,2,2,4,6,3,1,,1,3
190,5/27/2020,5:27:32 AM,ME,04105,1,55,2,0,2,2,4,1,1,1,5,1,-8,-8,14,3,2,3,7,5,4,Get items at hardware store; visit aged parent,2,-8
191,5/27/2020,8:58:20 AM,ME,04101,2,34,1,0,1,1,4,3,1,1,4,1,-8,-8,14,3,2,4,5,3,2,To deliver groceries to a friend,1,2
192,5/27/2020,9:23:32 AM,ME,04011,2,62,2,0,2,2,4,1,2,1,4,1,-8,1,45,3,3,3,7,3,2,injured pet,2,3
193,5/27/2020,10:41:42 AM,ME,04103-2607,2,66,2,0,2,1,2,4,1,1,4,1,-8,-8,5,3,3,4,5,5,1,,2,-8
194,5/27/2020,12:59:57 PM,ME,04092,1,56,5,0,4,2,4,1,1,3,4,1,1,-8,25,4,3,3,2,4,1,,1,3
195,5/28/2020,9:54:00 AM,ME,04106,2,62,6,3,3,2,2,1,1,1,3,1,-8,-8,5,3,1,1,1,5,4,"Went for a car ride twice (did not get outside the car), visited another couple to chat outside, six feet apart, with masks, hand sanitizer and wipes.",2,-8
196,5/28/2020,10:14:58 AM,ME,04110,1,55,2,0,2,3,4,3,1,1,6,1,2,-8,25,4,3,1,2,4,4,"helping my parents with food shopping and getting supplies, checking on them",1,1
197,5/29/2020,9:40:55 PM,ME,04101,1,39,2,4,1,2,4,4,1,1,4,4,2,-8,8,4,3,2,2,2,2,ATM,2,-8
198,5/12/2020,9:29:54 AM,ME,04270,-9,20,3,0,2,1,2,1,1,-8,4,4,-8,-8,10,3,2,3,7,3,1,,2,2
199,5/30/2020,1:40:37 PM,MD,20850,2,31,2,0,2,1,4,1,2,1,1,1,2,-8,20,1,1,1,1,4,4,,2,-8
200,5/30/2020,11:23:29 PM,MD,21202,2,27,1,0,0,1,3,4,1,1,4,6,-8,-8,12,4,4,4,1,3,3,Bought hardware for home project and visited a friend.,2,2
201,6/5/2020, 8:09:10 AM,MD,20817,1,60,2,0,2,2,4,1,1,1,1,1,2,1,30,3,3,3,7,5,4,Visiting one family member,2,2
202,6/5/2020,8:19:30 AM,MD,20817,2,31,3,1,1,2,4,1,2,1,5,1,-8,-8,10,3,2,4,3,5,4,,1,2
203,6/8/2020,2:21:39 PM,MD,21212,2,49,3,1,2,2,4,1,2,1,4,1,-8,-8,35,3,4,3,2,5,4,"take out food, bike repair",2,-8
204,6/10/2020,7:42:07 AM,MD,21061,1,44,5,3,2,2,4,1,1,1,4,3,2,-8,45,1,1,1,2,4,4,Visiting relatives who were not ill.,1,3
205,6/25/2020,8:28:01 PM,MD,20854,1,52,5,2,2,2,4,1,1,1,6,1,2,-8,40,4,4,3,3,3,3,Banking,1,3
206,6/26/2020,4:51:11 PM,MD,20901,2,58,2,0,2,2,4,1,1,1,5,1,-8,-8,40,4,4,4,7,5,1,,2,-8
207,6/26/2020,5:59:29 PM,MD,20901,2,58,2,0,2,2,4,1,1,1,5,1,-8,-8,40,4,4,4,7,5,1,,2,-8
208,6/26/2020,7:28:57 PM,MD,20646,1,52,4,1,3,2,4,1,1,1,5,7,2,7,15,4,3,4,1,1,2,Visit a friend,1,1
209,6/29/2020,1:25:32 PM,MD,20906,2,31,3,0,3,1,4,3,1,1,4,1,-8,-8,30,2,2,2,7,4,4,"Camping, kayaking, other safe distance outdoor activities",2,-8
210,6/29/2020,6:50:36 PM,MD,21911,1,50,3,0,3,3,3,3,1,1,5,1,-8,-8,10,3,2,2,2,5,4,Daily drives just to get away,1,2
211,6/30/2020,6:39:14 AM,MD,21901,2,43,4,2,3,2,4,1,1,1,6,1,-8,-8,10,3,4,4,7,5,1,,1,1
212,6/30/2020,12:05:39 PM,MD,21903,1,35,3,1,2,2,4,1,1,1,5,1,-8,-8,20,3,2,3,2,5,4,"Grocery shopping was difficult, because not everything was in stock.  I had to go more times than I liked just to find toilet paper and disinfectant.",2,2
213,6/26/2020,4:29:29 PM,MD,20854,2,57,3,0,2,2,4,1,1,2,4,-8,2,-8,15,4,2,4,3,5,4,"Doctor appointment, vet appointment, get meds , move son from NYC",1,2
214,6/26/2020,5:31:12 PM,MD,21773,2,43,5,3,1,2,4,1,1,1,6,1,-8,-8,65,3,3,1,6,4,1,,2,-8
215,4/10/2020,7:18:27 PM,MD,20878,2,35,3,2,1,2,4,3,1,1,3,1,-8,-8,40,2,1,3,2,4,1,,1,-8
216,4/10/2020,8:36:30 PM,MD,20783,2,34,3,2,1,2,4,4,1,1,4,3,-8,-8,20,1,1,2,4,1,2,For walking,1,-8
217,4/10/2020,8:53:25 PM,MD,20814,2,34,3,2,1,-8,4,3,1,1,5,1,-8,-8,60,1,1,3,7,3,3,,2,-8
218,4/10/2020,9:02:06 PM,MD,20879,2,31,3,2,2,2,4,1,3,-8,-8,1,2,-8,30,4,1,4,7,4,1,,2,-8
219,4/11/2020,4:43:16 AM,MD,20814,2,36,6,4,2,2,4,4,1,1,7,1,-8,7,60,1,1,1,7,5,1,,2,3
220,4/11/2020,10:02:39 AM,MD,20817,2,35,4,2,2,2,4,4,3,-8,6,1,2,-8,N/A,N/A,1,1,2,4,1,,2,-8
221,4/11/2020,2:20:14 PM,MD,20740,1,23,5,0,0,1,4,3,1,1,6,4,-8,-8,15,4,3,1,7,1,1,,1,3
222,4/11/2020,2:34:18 PM,MD,20903,2,42,1,0,1,1,4,4,1,3,4,1,2,-8,20,3,4,1,7,4,1,,-8,2
223,4/11/2020,3:05:33 PM,MD,20782,2,30,2,0,1,2,4,1,1,3,6,1,2,-8,120,3,1,3,1,3,3,Emergency and see friend,1,3
224,4/12/2020,1:52:40 AM,MD,21045,2,30,2,0,1,2,4,3,1,1,5,1,-8,-8,40,4,3,3,2,4,4,Meeting relatives,2,-8
225,4/12/2020,1:55:38 AM,MD,21044,2,33,4,1,3,2,4,1,1,1,4,1,-8,-8,30,2,2,2,1,1,1,,1,1
226,4/12/2020,2:54:05 AM,MD,21043,2,28,2,0,2,2,4,1,1,1,6,1,-8,-8,15,3,1,2,1,2,1,,1,1
227,4/12/2020,11:08:55 AM,MD,20852,2,39,2,0,1,2,4,4,1,1,4,3,-8,-8,40,3,2,3,4,4,1,,2,-8
228,4/12/2020,11:42:00 AM,MD,21045,2,36,4,1,2,2,4,3,1,1,4,1,-8,-8,35,2,2,2,1,3,3,Grocery shopping,1,3
229,4/12/2020,12:20:22 PM,MD,20852,1,44,2,0,1,2,4,3,1,2,2,-8,-8,-8,0,2,2,3,4,3,1,,2,-8
230,4/12/2020,1:31:01 PM,MD,20855,2,37,2,2,1,1,4,4,1,1,4,3,-8,-8,50,3,1,4,4,3,1,,2,-8
231,4/12/2020,8:14:51 PM,MD,20817,2,40,5,3,3,2,4,1,1,1,4,1,-8,7,15,1,2,1,5,4,1,,-8,-8
232,4/12/2020,9:49:38 PM,MD,20783,2,29,2,0,1,2,4,4,1,1,6,3,-8,-8,10,2,2,2,3,3,1,,2,2
233,4/12/2020,10:39:42 PM,MD,,1,48,5,1,5,3,4,1,1,1,4,1,-8,-8,25,2,1,2,7,4,1,,2,-8
234,4/12/2020,10:40:21 PM,MD,21286,2,29,2,0,2,2,4,3,3,-8,-8,1,-8,-8,0,1,4,2,7,3,2,,1,1
235,4/12/2020,10:40:26 PM,MD,21286,1,31,2,0,2,2,4,3,1,3,4,1,-8,7,65,2,1,4,4,3,2,,2,2
236,4/12/2020,10:45:13 PM,MD,21044,1,35,2,0,2,2,4,1,1,3,4,1,-8,7,60,3,2,2,2,5,4,Moving into a new house,1,1
237,4/12/2020,10:45:36 PM,MD,21044,2,31,2,0,2,2,4,1,1,3,4,1,-8,-8,40,3,2,2,2,5,4,Moving into a new house,2,-8
238,4/12/2020,11:52:31 PM,MD,20705,2,30,0,0,2,2,4,1,1,3,6,1,2,-8,70,3,2,4,4,3,3,Helping others,1,3
239,4/13/2020,10:47:59 AM,MD,20740,1,28,4,0,3,1,4,1,1,2,4,1,-8,-8,10,1,4,2,2,3,2,visiting friends,1,1
240,4/13/2020,9:38:36 PM,MD,20817,2,47,5,3,2,2,3,1,1,1,5,1,-8,-8,5,3,4,3,7,3,3,personal reasons,1,3
241,4/14/2020,7:07:44 AM,MD,20740,2,38,6,2,2,2,4,1,1,3,4,3,-8,7,55,3,3,4,7,5,1,,2,-8
242,4/14/2020,9:54:53 AM,MD,20878,2,26,3,0,2,1,4,1,1,1,5,1,-8,-8,30,2,2,4,5,5,4,To get gas for my car (once); to pick up a file at work office (once); to get carry-out dinner (multiple occasions),2,-8
243,4/14/2020,1:42:54 PM,MD,20740,1,29,2,0,2,1,4,4,1,1,4,1,-8,-8,10,2,2,4,4,5,4,"Gathering with friends, Sightseeing while driving, Work-related trips",2,-8
244,4/14/2020,5:34:25 PM,MD,20910,2,38,1,0,1,1,4,4,1,1,3,1,2,-8,25,4,3,1,3,1,4,I am a doctor and we have to work,1,1
245,4/15/2020,11:19:33 AM,MD,20817,1,44,6,3,2,2,4,1,1,3,4,3,-8,-8,45,1,2,3,5,3,1,"dropping off a gift, picking up a curb alert",1,1
246,4/18/2020,9:21:56 AM,MD,21044,1,40,4,1,3,2,4,1,1,1,4,1,-8,-8,35,2,2,4,2,1,1,,1,1
247,4/20/2020,12:04:27 PM,MD,20817,2,62,2,0,2,2,4,1,1,1,3,1,2,1,20,3,3,4,3,5,4,"shopping, babysitting by granddaughter, shopping and cooking for aging parents",2,-8
248,4/23/2020,9:11:52 AM,MD,20852,2,35,2,0,1,2,4,3,1,1,4,3,-8,-8,30,2,2,3,4,5,3,"pharmacy,post office",2,2
249,4/23/2020,9:18:58 AM,MD,20855,2,38,3,1,1,2,4,1,3,-8,-8,-8,-8,-8,40,4,1,3,4,2,1,,1,3
250,4/23/2020,11:22:16 AM,MD,20782,1,34,3,1,1,2,4,1,1,1,6,1,-8,-8,180,3,3,2,1,2,3,Helping friends,1,3
251,4/23/2020,3:31:03 PM,MD,20878,1,42,3,1,2,2,4,1,1,2,5,1,2,-8,30,2,2,2,1,3,1,,2,3
252,5/3/2020,10:47:42 AM,MD,21210,2,36,2,0,1,2,4,4,1,2,4,1,-8,-8,60,3,3,2,2,1,1,,1,2
253,5/8/2020,1:51:55 PM,MD,20740,2,25,2,0,1,2,3,4,1,1,6,1,-8,-8,20,3,2,1,4,4,3,"Garden center, Lowe's",2,-8
254,5/8/2020,1:56:21 PM,MD,20901,2,40,4,2,2,2,3,1,1,1,4,1,-8,-8,15,4,3,4,2,1,1,,1,3
255,5/8/2020,1:57:28 PM,MD,20782,1,28,5,0,1,1,4,1,1,2,4,4,-8,-8,20,3,4,4,2,4,4,"I frequently cook large quantities of food, so I have been doing contact-free drop offs at friends' houses in the neighborhood. I have also needed to get my glasses fixed.",2,-8
256,5/8/2020,1:58:05 PM,MD,20781,2,24,3,0,3,1,3,3,1,3,4,7,-8,6,20,2,2,3,6,4,1,,2,2
257,5/8/2020,1:59:13 PM,MD,20770,1,26,5,0,5,1,3,3,1,1,4,5,-8,-8,20,3,1,4,3,5,4,meetings with friends in public places at physical distance protocol,1,3
258,5/8/2020,2:00:30 PM,MD,20782,2,24,2,0,1,1,3,4,1,1,4,1,-8,-8,7,4,4,1,1,5,4,Go back and forth to my moms house,2,-8
259,5/8/2020,2:01:39 PM,MD,21230,1,32,2,0,2,1,3,5,1,1,5,1,-8,-8,45,1,1,4,2,1,4,Socially distant visiting of family. We stood in their yard and they stood in the doorway,1,1
260,5/8/2020,2:07:48 PM,MD,21045,2,30,2,0,2,2,4,3,1,1,4,1,-8,-8,45,4,3,2,2,4,3,Visiting family,2,-8
261,5/8/2020,2:17:15 PM,MD,20737,1,38,1,0,1,1,4,4,1,1,4,4,-8,-8,40,2,3,3,4,4,1,,2,-8
262,5/8/2020,3:33:02 PM,MD,21093,1,36,4,2,2,2,4,1,1,1,6,1,-8,-8,16,2,2,3,5,5,2,Assist a neighbor in need.,1,2
263,5/8/2020,3:40:04 PM,MD,20740,1,61,2,0,2,2,4,1,1,3,3,1,-8,-8,30,4,4,4,4,5,4,various work and life related errands,1,3
264,5/8/2020,4:17:42 PM,MD,20782,1,32,2,0,1,2,4,3,1,1,4,3,-8,-8,40,3,3,4,2,3,1,,1,1
265,5/8/2020,4:56:53 PM,MD,20740,2,23,4,0,2,1,4,2,1,2,2,1,2,-8,25,3,1,1,1,5,2,Visit family once,2,-8
266,5/10/2020,11:21:02 PM,MD,20720,1,58,3,2,1,3,4,1,1,3,5,1,-8,-8,N/A,2,2,4,3,5,4,Visit a friend to check in on her,2,-8
267,5/11/2020,10:06:31 AM,MD,20905,1,63,7,4,4,3,4,1,1,1,4,1,-8,-8,30,2,2,3,3,3,4,"shopping, etc",1,1
268,5/12/2020,9:18:59 AM,MD,20817,-9,27,6,1,3,1,4,1,3,-8,7,3,-8,-8,45,3,2,3,2,2,1,,1,3
269,5/12/2020,9:20:52 AM,MD,21914,2,27,3,1,3,2,3,1,1,1,4,1,-8,-8,8,2,2,2,4,3,4,Doctors,1,3
270,5/12/2020,9:34:32 AM,MD,20816,2,22,3,0,3,1,3,1,3,-8,-8,-8,-8,-8,N/A,4,3,1,4,2,1,,2,-8
271,5/12/2020,10:02:29 AM,MD,20708,2,35,2,0,2,2,4,1,1,1,4,1,-8,-8,50,2,2,3,6,3,1,,2,-8
272,5/12/2020,10:50:18 AM,MD,209124411,2,55,2,0,1,2,4,1,1,1,4,3,-8,-8,30,4,4,4,4,5,4,Visiting my disabled mother and helping her with showering,2,-8
273,5/12/2020,11:49:57 AM,MD,20912,-9,23,3,0,2,-8,3,4,1,1,1,3,1,1,10,4,2,2,5,4,4,"besides work, i visit my girlfriend to give her supplies",-8,3
274,5/12/2020,1:12:18 PM,MD,20901,2,55,1,0,1,2,4,1,1,1,4,1,-8,-8,50,1,2,2,4,5,4,"Recently married and my husband lives nearby so I go back & forth to his house. For next question, I also grocery shopped online before lockdown but more often now",1,1
275,5/12/2020,4:40:46 PM,MD,20854,2,34,2,0,1,2,4,3,1,3,4,2,-8,-8,30,3,2,2,3,1,1,,1,1
276,5/12/2020,7:58:12 PM,MD,21701,2,42,1,0,1,3,4,1,1,3,2,1,2,1,90,3,3,1,1,4,4,"Work, care of others",2,-8
277,5/15/2020,2:19:09 AM,MD,20742,2,29,3,0,3,1,4,4,1,1,4,1,2,-8,30,3,2,2,4,4,1,,1,1
278,5/15/2020,4:38:06 PM,MD,20841,1,54,3,1,3,2,4,1,1,1,6,3,-8,-8,70,4,4,1,3,1,1,,1,3
279,5/15/2020,4:44:04 PM,MD,20740,2,31,5,0,4,1,4,5,1,2,4,3,-8,-8,40,4,2,3,1,5,1,,2,2
280,5/15/2020,4:47:48 PM,MD,20901,2,26,2,0,2,2,3,3,1,3,6,3,-8,-8,35,3,1,2,2,1,4,Medical,1,2
281,5/15/2020,5:22:22 PM,MD,20742,2,21,3,0,0,1,3,4,1,1,4,4,-8,-8,5,3,2,2,1,3,1,,1,3
282,5/15/2020,6:16:24 PM,MD,20783,2,33,2,0,1,2,4,4,1,1,4,4,-8,-8,25,3,1,2,2,5,1,,1,2
283,5/15/2020,10:47:41 PM,MD,20685,2,18,4,1,2,1,2,1,1,1,7,2,-8,-8,15,2,3,2,1,3,2,Spend time with friends,1,3
284,5/16/2020,4:07:02 AM,MD,21104,1,20,5,0,2,1,2,1,1,3,5,4,-8,-8,20,4,3,2,7,4,4,Go to friends house,2,-8
285,5/16/2020,5:11:53 PM,MD,21093,2,39,4,2,2,2,4,1,1,1,4,1,-8,-8,35,1,2,4,5,4,1,,1,3
286,5/17/2020,4:17:37 PM,MD,20740,1,50,2,0,2,3,4,4,1,1,4,5,2,5,15,4,4,4,7,5,1,,2,-8
287,5/17/2020,4:27:42 PM,MD,21210,2,57,3,1,2,3,4,1,1,3,4,1,-8,-8,60,4,4,2,6,4,1,,2,-8
288,5/18/2020,7:58:13 AM,MD,20910,2,62,2,0,3,2,3,1,1,1,4,1,-8,-8,25,4,3,4,2,3,2,delivering supplies to relatives,2,-8
289,5/18/2020,9:44:38 AM,MD,21409,2,29,2,0,2,2,3,3,1,1,4,1,-8,-8,50,2,3,4,3,4,4,sitting outside with a friend,2,2
290,5/20/2020,10:24:30 AM,MD,21201,2,64,1,0,1,3,4,4,4,-8,-8,1,1,4,N/A,3,4,4,7,5,4,,2,-8
291,5/22/2020,9:45:04 AM,MD,20759,1,72,2,0,3,3,3,3,2,3,4,1,-8,-8,60,3,2,4,5,5,4,Drive through banking,2,2
292,5/22/2020,3:28:59 PM,MD,20852,2,33,2,0,2,2,4,3,2,3,4,1,-8,-8,40,2,2,2,1,2,4,Visit a family member.,1,3
293,5/22/2020,3:34:00 PM,MD,20852,1,36,2,0,2,2,4,3,1,3,4,1,-8,-8,60,1,2,2,2,3,4,Visit family members,1,2
294,5/26/2020,8:27:43 AM,MD,21032,1,41,5,2,3,2,4,1,1,1,4,1,-8,-8,45,3,3,3,4,4,1,,1,3
295,5/26/2020,11:27:10 AM,MD,20774,2,65,3,0,3,2,4,1,1,1,4,1,-8,-8,35,4,1,2,4,4,2,Church with <10 participants,2,2
296,5/26/2020,11:53:14 AM,MD,21702,1,43,3,2,2,3,4,1,1,1,4,1,-8,-8,60,2,2,2,1,5,1,,1,3
297,5/26/2020,4:09:17 PM,MD,20910,1,41,4,2,2,2,4,1,1,1,4,3,-8,-8,50,2,2,4,3,5,4,Home maintenance,2,-8
298,5/26/2020,7:22:12 PM,MD,21842,2,26,5,1,4,1,4,1,1,3,6,1,-8,-8,130,3,3,4,7,2,1,,1,3
299,5/26/2020,8:49:29 PM,MD,20854,2,45,4,2,2,2,4,1,1,1,6,1,-8,-8,20,1,1,2,1,4,1,,1,3
300,5/27/2020,8:35:31 AM,MD,21117,2,39,3,1,2,2,4,3,1,1,4,1,-8,-8,50,1,1,2,4,1,4,"leisure drives, drives to local parks/ trails for leisure, pickup at Home Depot",1,3
301,5/27/2020,10:37:29 AM,MD,21401,2,53,2,0,2,2,4,1,1,3,4,1,-8,-8,70,3,2,2,1,3,4,"drug store, liquor store",2,-8
302,5/27/2020,10:46:56 AM,MD,21227,1,63,4,0,4,2,4,1,1,1,4,1,-8,-8,30,2,1,3,1,4,4,Errands to school or to pick up curb side dinner,2,3
303,5/27/2020,3:48:54 PM,MD,21701,2,31,2,0,2,2,4,2,1,3,6,1,-8,-8,60,3,3,4,3,2,4,Driving to pick up take-out food from restaurants,2,3
304,5/27/2020,5:14:08 PM,MD,21218,1,47,4,2,1,2,4,5,1,1,4,5,-8,-8,50,4,2,2,2,5,1,,2,-8
305,5/27/2020,10:20:18 PM,MD,20817,2,31,2,0,1,2,4,4,1,1,7,1,-8,-8,10,4,2,3,6,5,4,To visit old parents,2,-8
306,5/27/2020,11:37:41 PM,MD,20723,2,31,2,0,2,2,4,5,1,1,4,1,2,-8,25,1,2,3,2,3,4,t,2,-8
307,5/28/2020,12:26:59 AM,MD,20853,2,36,4,2,2,2,4,1,1,2,2,-8,-8,-8,0,3,2,1,3,2,2,Physical therapy,2,-8
308,5/28/2020,12:55:30 AM,MD,20878,2,30,7,2,3,2,3,2,3,1,7,1,2,-8,60,4,3,1,1,5,1,,2,-8
309,5/28/2020,9:16:57 AM,MD,20852,2,43,1,0,1,1,4,4,1,1,5,1,-8,-8,20,4,4,1,7,1,1,N/A,1,1
310,5/28/2020,9:38:35 AM,MD,21218,2,30,1,0,0,1,3,2,1,1,4,3,-8,-8,30,3,2,2,4,4,4,"All three times were work related, but work that needed to be conducted on-site (and different location each time). One time was to support COVID screening of staff who could not telework.",1,3
311,5/28/2020,12:10:53 PM,MD,20817,2,50,4,2,2,2,4,1,1,1,4,1,-8,-8,45,3,3,3,6,3,4,"Distance socializing - picnic, walk, bike ride with friends.",2,-8
312,5/28/2020,1:38:20 PM,MD,21218,2,59,2,0,1,2,4,3,1,1,4,2,-8,-8,15,3,3,3,4,4,4,"Visit Chiropractor, and dry cleaner",1,3
313,5/28/2020,1:43:22 PM,MD,21224,2,32,2,0,2,2,4,3,1,1,4,1,-8,-8,30,4,3,3,2,5,1,,2,-8
314,5/28/2020,1:45:27 PM,MD,21209,2,36,4,2,2,2,4,1,1,1,4,1,-8,-8,15,3,3,4,3,3,1,,1,1
315,5/28/2020,1:51:49 PM,MD,21202,2,61,3,0,2,2,4,1,4,-8,-8,-8,-8,-8,0,3,3,3,6,3,3,socially distance outside visits,1,1
316,5/28/2020,2:56:17 PM,MD,21211,2,32,3,0,2,1,4,3,1,1,3,5,2,-8,20,4,4,4,7,3,1,,2,-8
317,5/28/2020,2:58:36 PM,MD,21218,1,30,2,0,1,1,3,1,1,1,4,3,-8,-8,15,3,3,2,2,5,1,,2,3
318,5/28/2020,3:54:03 PM,MD,20721,1,75,2,0,1,2,4,5,4,-8,7,1,-8,-8,30,3,4,4,3,1,2,To choose a new residence and limited shopping,1,3
319,5/28/2020,8:05:07 PM,MD,21202,1,70,1,0,0,3,4,3,4,-8,-8,4,-8,-8,0,3,4,4,7,1,1,"This answer is related to how often I left my home for shopping, not the previous question. I selected none which is correct but the reason is incorrect. I did not do online shopping (though I tried.) Instead I had, and continue to have, a young, healthy neighbor shop for me.",1,2
320,5/28/2020,9:42:39 PM,MD,21211,2,33,1,0,1,1,4,4,1,1,6,1,-8,-8,10,4,2,4,7,3,3,,2,3
321,5/29/2020,10:14:39 AM,MD,21230,1,79,2,0,1,2,4,3,4,-8,-8,1,-8,-8,0,3,2,4,3,5,3,,2,-8
322,6/2/2020,4:38:16 PM,MD,21209,1,37,4,2,1,2,3,3,1,1,5,3,-8,-8,30,3,2,2,4,3,2,Visit with family,1,3
323,6/4/2020,1:50:59 PM,MD,21202,2,59,1,0,0,3,3,4,1,2,5,3,-8,-8,20,3,2,2,2,1,2,"Bomb Threat called into our condo building on June 1, 2020 - was outside for 2 hours.",1,1
324,6/26/2020,8:35:46 PM,MD,20616,2,67,2,0,2,1,3,1,1,1,7,1,-8,-8,15,2,4,1,1,4,4,Just to take a ride to get out,2,2
325,6/26/2020,8:41:59 PM,MD,20646,2,52,4,1,3,2,4,1,1,1,5,1,-8,-8,15,3,2,2,3,4,4,Socializing with a small group At their home outside  ; short trip out of town to secluded beach;,1,3
326,6/26/2020,10:48:40 PM,MD,20878,-8,41,6,4,2,2,4,1,1,1,5,1,-8,-8,10,4,4,4,6,3,4,"go to work, gym, store",2,-8
327,6/27/2020,7:27:58 AM,MD,20646,2,52,4,1,3,2,4,1,1,1,5,1,-8,-8,15,3,2,2,3,4,4,Socializing with a small group At their home outside  ; short trip out of town to secluded beach;,1,3
328,6/27/2020,12:40:28 PM,MD,20878,1,31,2,0,2,1,3,1,1,1,4,1,-8,-8,15,3,3,1,5,3,4,Dentist,2,3
329,6/28/2020,4:19:44 PM,MD,20706,2,56,3,0,2,3,4,1,1,2,6,1,-8,-8,20,2,3,1,5,2,1,,1,2
330,6/28/2020,4:26:51 PM,MD,21403,2,38,1,0,1,1,4,3,1,1,4,1,-8,-8,40,3,1,3,1,5,4,Visit family and do laundry,1,2
331,6/28/2020,8:57:13 PM,MD,20886,1,52,6,2,2,2,4,3,1,1,4,1,-8,-8,60,3,3,3,3,5,4,Once a week we go to church.,2,-8
332,6/28/2020,8:59:55 PM,MD,20715,1,36,4,2,2,2,4,1,1,1,5,1,-8,-8,20,2,2,4,4,5,1,,2,-8
333,6/29/2020,6:27:32 AM,MD,21012,1,61,2,0,2,2,4,1,1,1,4,1,-8,-8,35,4,4,4,2,5,4,Volunteer firefighter/EMS;,2,-8
334,6/29/2020,8:15:24 AM,MD,20602,2,48,3,0,3,2,4,1,1,1,5,1,-8,-8,20,4,2,1,1,3,4,just to get out of the house,1,2
335,6/29/2020,9:23:05 AM,MD,21773,2,54,3,0,3,2,4,1,1,1,4,1,-8,-8,35,3,4,4,3,3,1,,2,-8
336,6/29/2020,10:05:37 AM,MD,21044,1,40,4,2,2,2,4,1,1,1,4,1,-8,-8,30,4,3,4,4,5,4,"Transporting children to/from meetings with friends, traveling to see family",2,-8
337,6/29/2020,10:41:28 AM,MD,20720,1,34,2,0,2,2,4,3,1,1,5,1,-8,-8,30,3,3,4,7,5,4,I bought a townhouse Condo.,2,-8
338,7/1/2020,11:39:42 AM,MD,20853,2,32,2,0,2,2,4,1,1,1,4,1,-8,-8,20,3,3,4,1,3,3,"Visiting family, going for a drive so my car battery wouldn't die.",1,2
339,7/1/2020,12:34:00 PM,MD,20895,1,64,2,0,2,1,3,1,2,2,5,1,-8,-8,30,4,4,4,1,5,1,,2,-8
340,7/1/2020,5:26:34 PM,MD,20854,1,52,5,2,2,2,4,1,1,1,6,1,2,-8,40,4,4,3,3,3,3,Banking,1,3
341,7/2/2020,4:36:10 PM,MD,21113,2,53,1,0,1,3,4,3,1,1,6,1,2,-8,40,4,3,3,7,5,4,Painting my parents house.,1,2
342,7/8/2020,9:08:28 AM,MD,20854,1,52,5,2,2,2,4,1,1,1,6,1,2,-8,40,4,4,3,3,3,3,Banking,1,3
343,5/12/2020,10:47:00 AM,MI,48104,2,40,2,1,1,3,4,1,1,3,4,1,-8,-8,15,2,3,4,4,5,4,decorate a kid's yard for his birthday; borrow tools from friends; yard cocktail with a friend,1,2
344,5/12/2020,3:30:34 PM,MI,48108,2,60,3,0,3,1,4,1,1,1,5,1,-8,-8,N/A,3,4,2,7,3,1,,2,-8
345,5/12/2020,11:25:24 PM,MI,48114,2,75,2,0,2,2,4,1,3,-8,-8,-8,-8,-8,25,3,4,4,6,3,1,,2,-8
346,5/13/2020,8:37:31 AM,MI,48302,2,46,4,1,3,2,4,1,1,1,4,1,-8,-8,40,1,3,2,1,5,1,,2,-8
347,5/20/2020,2:38:39 PM,MI,48092,2,56,4,3,3,2,4,1,1,-8,4,1,-8,-8,60,3,4,4,7,1,3,pick up prescriptions,1,1
348,5/21/2020,12:33:32 PM,MI,48105,2,28,1,0,1,1,4,4,1,1,3,3,1,1,10,3,3,3,7,3,4,essential research activity,1,3
349,5/26/2020,9:10:32 AM,MI,48906,1,40,4,2,2,2,4,1,1,1,4,1,-8,-8,7,3,3,3,3,4,1,,2,2
350,5/26/2020,10:00:20 AM,MI,48823,2,37,3,1,2,2,3,1,1,1,4,1,-8,-8,30,3,1,2,1,4,3,Left house to go to a large park to play/walk.  Took a car ride around town to get child to nap (did not exit car).,1,2
351,5/26/2020,10:05:28 AM,MI,48170,2,61,2,0,2,2,4,1,1,3,4,1,-8,-8,90,3,4,4,1,1,1,,1,3
352,5/26/2020,6:45:49 PM,MI,48864,1,63,4,0,3,2,4,1,1,3,3,1,-8,-8,15,3,3,4,3,5,2,collect/move out daughter from college,2,-8
353,5/27/2020,12:33:08 PM,MI,48189,2,54,2,1,2,-8,4,1,1,3,6,1,2,-8,60,3,4,4,6,4,4,I go to hiking at a state park at least 3 times a week.  I also check on a 90 year old women with no family in the area 5 days a week.,2,-8
354,5/26/2020,4:46:35 PM,MS,39759,1,53,5,0,7,2,4,1,1,3,-8,2,2,-8,15,2,1,2,6,5,4,"medical visits, work, church, grocery shopping",1,3
355,5/27/2020,2:52:41 AM,MS,39759,1,39,3,1,2,2,4,1,1,1,4,1,-8,-8,5,4,1,2,6,1,1,,1,1
356,5/12/2020,10:03:55 AM,MO,63501,2,57,1,0,1,1,4,1,1,1,4,4,-8,-8,10,4,4,4,3,4,4,"Getting things for work, dropping things off to people.",2,-8
357,5/12/2020,10:45:11 AM,MN,55375,2,22,4,0,3,1,3,1,1,1,5,4,-8,-8,10,3,1,1,1,2,1,,-8,-8
358,5/20/2020,3:03:56 PM,MN,55455,1,73,2,0,2,2,4,3,1,2,6,1,2,-8,15,3,3,2,2,4,4,"Medical appointments, vacate house for cleaning",1,1
359,5/26/2020,8:05:39 PM,MN,56001,1,59,2,0,2,2,4,1,1,1,6,1,-8,-8,8,4,4,4,7,4,3,work related,2,-8
360,5/26/2020,4:59:55 PM,MS,39759,2,60,2,0,4,2,3,1,1,1,4,1,-8,-8,5,4,4,4,2,3,4,"We own a cabin and land in country, it is safe there.",1,3
361,5/12/2020,4:06:42 PM,NC,28226,-9,23,3,0,3,1,3,3,1,1,5,1,-8,-8,35,2,3,4,1,4,4,Made several trips to the bank; have started working part time again onsite at one of my jobs,2,-8
362,5/20/2020,1:37:28 PM,NC,27513,2,58,3,0,2,2,3,1,3,-8,7,-8,-8,-8,0,4,3,2,6,5,4,"Get automobile inspected, visit friends on front lawns",1,2
363,5/27/2020,1:04:37 PM,NC,27615,2,54,4,0,4,2,3,1,1,1,4,1,-8,-8,15,3,3,2,7,5,3,visit friends,2,-8
364,5/27/2020,10:36:53 AM,NM,87048,2,38,4,2,1,2,4,1,1,2,2,1,2,-8,7,3,4,4,5,5,4,Project work - data collection (stayed in vehicle - socially distant),1,2
365,6/1/2020,5:06:54 PM,NY,14221,2,71,2,0,2,2,4,4,4,-8,-8,-8,-8,-8,0,4,2,3,2,5,1,,2,-8
366,6/4/2020,11:56:38 PM,NY,11211,1,29,2,0,1,2,3,3,1,2,6,1,-8,-8,60,3,3,3,2,5,4,See friends at park,1,2
367,4/22/2020,9:17:43 PM,NH,03102,2,56,5,1,3,2,4,2,3,-8,-8,1,-8,-8,60,3,3,3,2,1,1,,2,-8
368,5/12/2020,7:42:40 PM,NH,03280,2,711,1,0,1,1,4,1,1,2,2,4,2,-8,1,3,4,4,7,1,2,post-operative checkup for minor surgery,1,1
369,4/12/2020,3:37:49 PM,NJ,08540,1,64,2,0,2,2,4,4,1,1,4,3,2,-8,30,3,2,4,3,5,1,,2,-8
370,5/12/2020,11:45:44 AM,NJ,07110,2,56,2,0,2,2,4,1,1,1,4,1,-8,-8,25,3,3,4,4,5,3,pick-up takeout meals from a restaurant,2,-8
371,5/16/2020,1:41:35 PM,NJ,08648,2,19,4,1,4,1,3,1,3,-8,-8,-8,-8,-8,0,3,2,3,6,5,4,Socially distanced gatherings with a friend,2,-8
372,5/19/2020,4:28:08 AM,NJ,08873,2,43,1,0,1,3,4,3,1,1,6,1,2,-8,20,4,3,2,4,3,4,to see family (total 4 times since lockdown in mid March),2,-8
373,5/19/2020,7:01:57 AM,NJ,08904,1,76,2,0,1,2,4,1,1,1,4,1,-8,-8,35,3,1,4,1,3,4,Went for walks,2,-8
374,5/19/2020,7:20:18 AM,NJ,08901,2,73,2,0,3,2,4,1,1,2,6,4,-8,-8,5,2,1,3,7,4,1,,1,2
375,5/19/2020,8:31:59 AM,NJ,08501,2,43,2,0,3,2,4,1,1,1,5,1,-8,-8,45,2,4,3,7,4,4,Take care of horse,2,-8
376,5/19/2020,9:34:07 AM,NJ,08540,1,62,3,0,2,2,4,1,1,1,4,3,-8,-8,60,3,4,4,1,4,1,,1,3
377,5/19/2020,10:27:28 AM,NJ,08824,2,50,4,2,2,2,4,1,1,3,4,1,-8,-8,30,2,3,3,2,5,4,"Drop things off at a friends home, attend funeral, visit gravesite.",2,-8
378,5/19/2020,11:52:13 AM,NJ,08844,2,53,3,1,2,2,4,1,1,3,6,1,-8,-8,40,4,3,4,7,1,1,,1,1
379,5/19/2020,12:45:06 PM,NJ,08902,2,71,3,0,2,2,4,1,1,1,4,1,-8,-8,20,1,2,3,3,5,4,Take 98yr old mom to walk in clinic,2,-8
380,5/19/2020,2:18:22 PM,NJ,08873,1,65,4,0,4,2,4,1,1,1,4,1,-8,-8,20,2,1,4,2,3,4,occasional authorized trip to office; trips to parks to walk,2,2
381,5/19/2020,2:59:26 PM,NJ,08540,1,69,4,1,3,2,4,1,3,-8,-8,-8,-8,-8,0,4,4,4,1,5,1,,1,1
382,5/19/2020,7:40:00 PM,NJ,08736,1,70,2,0,2,2,4,1,1,3,4,1,-8,-8,50,1,2,4,3,1,1,,1,1
383,5/20/2020,8:55:16 AM,NJ,08648,1,68,2,0,1,2,4,1,1,2,4,4,-8,-8,30,3,4,4,7,4,1,,2,-8
384,5/20/2020,9:21:11 PM,NJ,08512,1,55,4,0,2,2,4,1,1,1,4,1,-8,-8,25,3,3,3,5,3,3,Routine lab maintenance at work,2,-8
385,5/22/2020,8:28:22 AM,NJ,08904,1,75,2,0,2,2,4,1,1,2,4,5,-8,-8,15,3,3,4,5,3,4,"Dog walk, weekly takeout",1,3
386,5/22/2020,10:59:14 AM,NJ,08904,1,75,2,0,2,2,4,1,1,2,4,5,-8,-8,15,3,3,4,5,3,4,"Dog walk, weekly takeout",1,3
387,5/27/2020,12:52:59 PM,NJ,07105,1,41,1,0,0,1,4,4,1,3,4,3,-8,-8,75,4,4,3,6,5,4,Go to the park to read,1,1
388,5/26/2020,10:27:00 AM,NV,89145,1,60,5,2,2,2,4,1,1,1,1,1,2,-8,35,3,4,4,7,4,4,"work, shopping",1,2
389,5/26/2020,11:14:49 AM,NV,89408,2,70,2,0,3,2,3,1,2,1,4,1,-8,-8,45,1,1,1,3,5,1,I leave the house to food shop.  I use an exercise bike in my home every day.,2,2
390,5/26/2020,1:50:29 PM,NV,89523,2,42,4,2,2,2,4,4,1,1,4,1,-8,-8,20,2,3,2,6,5,4,To visit my mother,2,-8
391,4/12/2020,10:49:33 AM,NY,14802,2,35,4,2,2,2,4,1,1,3,4,1,-8,-8,5,3,4,4,2,2,1,,2,-8
392,4/22/2020,8:40:38 PM,NY,12603,1,41,4,2,2,2,4,1,1,1,6,1,-8,-8,25,1,1,2,2,3,1,,1,3
393,5/12/2020,10:07:50 AM,NY,14226,-9,24,2,0,0,1,4,4,1,2,4,3,-8,-8,25,3,3,2,4,4,1,,2,-8
394,5/12/2020,11:40:45 AM,NY,10026,2,22,4,0,1,1,3,1,3,2,4,4,-8,-8,15,2,3,2,1,4,3,I had to get refills for my medication. I also needed to visit the hardware store. Early on during the lockdown I had to walk our dog.,-8,3
395,5/12/2020,12:58:08 PM,NY,10901,2,48,3,1,2,2,4,1,1,1,4,1,-8,-8,30,4,4,4,7,4,1,,2,-8
396,5/12/2020,5:08:53 PM,NY,11772,2,47,4,2,3,2,4,1,1,1,4,1,-8,-8,35,3,3,4,1,3,1,,2,-8
397,5/12/2020,7:08:58 PM,NY,10021,2,45,1,0,0,1,4,4,1,3,4,3,-8,-8,25,3,1,4,1,5,4,"pharmacy, other similar shopping",2,-8
398,5/12/2020,7:36:40 PM,NY,11710,2,48,2,0,2,2,4,1,1,1,7,1,-8,-8,15,1,1,2,1,5,1,,2,-8
399,5/12/2020,10:21:43 PM,NY,10036,2,23,3,0,0,1,3,4,1,1,4,3,-8,4,35,3,4,3,7,3,1,,1,1
400,5/13/2020,10:36:09 AM,NY,13210,2,54,3,1,2,2,4,1,1,1,6,4,-8,-8,12,3,2,4,1,3,1,,2,-8
401,5/13/2020,3:47:49 PM,NY,14214,2,36,1,0,1,3,4,2,1,1,4,1,-8,-8,15,2,2,1,2,1,3,Delivering gifts to ppl,1,3
402,5/16/2020,6:51:47 PM,NY,10011,2,89,1,0,0,3,4,4,1,1,4,4,-8,-8,5,1,2,1,2,1,4,"work, shop, go out with friends for dinner",1,3
403,5/17/2020,11:58:22 AM,NY,11375,2,22,4,0,1,1,4,4,1,1,1,3,1,2,60,3,4,2,1,5,1,,-8,3
404,5/18/2020,9:56:39 PM,NY,10001,2,43,4,2,1,2,4,5,1,1,7,3,-8,-8,40,4,3,4,5,5,1,,2,2
405,5/18/2020,10:21:44 PM,NY,11231,1,75,2,0,0,2,4,4,3,-8,-8,-8,-8,-8,0,4,4,1,3,1,1,,1,1
406,5/19/2020,2:08:30 PM,NY,13104,1,50,4,2,4,2,4,1,1,1,3,1,2,-8,20,3,3,4,1,4,4,,2,-8
407,5/20/2020,4:15:29 PM,NY,10001,2,78,2,0,0,2,4,3,4,-8,5,2,2,-8,0,4,3,4,7,2,1,,1,3
408,5/26/2020,7:33:17 AM,NY,10019,2,33,2,0,1,1,4,4,1,1,6,5,-8,-8,20,4,3,3,7,4,1,,2,-8
409,5/26/2020,6:16:20 PM,NY,11201,1,32,2,0,0,1,4,4,1,3,4,3,-8,-8,40,3,2,4,4,5,1,,1,3
410,4/13/2020,9:56:41 AM,NY,12061,2,34,2,0,2,2,4,4,1,1,3,1,2,-8,14,4,2,2,1,3,1,,1,3
411,5/12/2020,10:11:21 AM,OH,43235,2,35,3,1,2,2,4,1,1,1,1,1,2,-8,15,2,2,4,4,4,1,,2,-8
412,5/12/2020,11:04:58 AM,OH,43205,2,35,1,0,0,1,4,1,1,1,6,3,-8,-8,15,3,2,1,1,1,2,I visited my (then) boyfriend's house for Easter.  He picked me up and drove us there.,1,1
413,5/13/2020,7:01:50 AM,OH,43119,1,52,2,0,2,3,4,1,1,1,4,1,-8,-8,15,3,4,4,3,2,4,"auto repair, doctor",1,2
414,5/18/2020,3:27:04 PM,OH,43147,1,38,6,4,1,2,4,1,1,1,4,1,-8,-8,35,1,1,1,1,4,4,"Shopping, banking, and helping friends",1,3
415,5/27/2020,8:41:48 AM,OH,43015,2,55,3,0,3,2,4,1,1,1,6,1,-8,-8,15,3,2,3,5,3,1,N/a,1,3
416,5/27/2020,9:22:08 AM,OH,43015,2,55,3,0,3,2,4,1,1,1,6,1,-8,-8,15,3,2,3,5,3,1,N/a,1,3
417,5/27/2020,1:23:20 PM,OH,43221,2,47,4,2,2,2,4,1,1,1,4,1,-8,-8,20,3,4,4,3,5,3,Travel to office,2,-8
418,5/27/2020,12:45:08 PM,OK,73071,2,39,3,1,2,2,3,1,1,1,4,1,-8,-8,20,3,3,3,4,3,4,"We drive aimlessly around just to get out of the house, but don't stop anywhere.",1,3
419,5/12/2020,9:58:54 AM,OR,97215,2,45,4,2,2,2,4,1,1,1,5,1,-8,-8,60,2,1,3,1,5,4,"We�re about to have a baby. I�ve been running around trying to buy stuff, usually from FB Marketplace, so we can clothe and diaper this baby when she arrives! Mostly porch pickups or limited contact with masks.",2,-8
420,5/12/2020,10:05:03 AM,OR,97401,2,61,2,0,1,3,4,1,1,1,4,5,-8,-8,12,1,1,1,1,1,1,,1,3
421,5/12/2020,11:46:03 AM,OR,97229,2,28,3,0,2,1,4,1,1,1,4,3,1,1,25,3,2,3,2,4,2,To visit with (at a distance) a friend.,1,3
422,5/12/2020,8:19:17 PM,OR,97214,2,53,2,0,1,2,4,1,1,3,6,6,-8,-8,60,2,3,3,2,3,2,hiking,2,-8
423,5/26/2020,9:58:59 AM,OR,97223,2,51,3,1,2,2,4,1,1,1,4,2,-8,-8,60,1,1,3,6,5,4,I now run a food pantry at a local church.,2,-8
424,5/26/2020,8:44:13 PM,OR,97232,2,55,4,1,2,2,4,1,1,1,5,1,-8,-8,12,4,4,3,1,5,4,Going to home improvement store.,2,-8
425,5/26/2020,9:00:07 PM,OR,97006,2,47,3,0,2,2,3,4,2,2,6,1,-8,-8,60,4,3,2,1,5,1,,2,3
426,5/26/2020,10:15:46 PM,OR,97209,2,37,2,0,1,-8,4,1,1,3,4,5,-8,-8,35,3,4,3,4,5,4,"Medical care (2 times), socially distanced visits with friends (2 times)",1,3
427,5/27/2020,12:21:20 AM,OR,97086,1,57,3,0,4,2,4,1,1,1,3,1,2,-8,45,3,2,1,7,4,1,,2,2
428,5/27/2020,12:58:05 PM,OR,97030,2,29,2,0,2,1,4,4,1,1,5,1,-8,-8,40,4,4,4,5,4,3,I drove to help a friend in need,2,-8
429,5/27/2020,1:11:26 PM,OR,97338,2,55,3,0,3,2,4,1,1,1,6,2,-8,-8,40,3,3,4,5,5,1,,2,-8
430,5/12/2020,9:13:47 AM,PA,19106,2,27,2,0,2,2,3,4,1,1,4,1,-8,-8,60,2,3,2,4,3,1,,2,-8
431,5/12/2020,9:48:26 AM,PA,19125,2,42,2,0,1,2,4,1,1,3,4,3,-8,-8,25,3,2,4,2,3,4,dropping off food to friends,1,2
432,5/12/2020,10:42:06 AM,PA,19041,2,71,1,0,1,3,4,4,3,-8,-8,1,-8,-8,0,1,2,2,2,5,4,Visit family members and care for grandchild,2,-8
433,5/12/2020,11:44:01 AM,PA,17112,2,40,4,2,3,2,4,1,1,3,4,1,-8,-8,20,1,2,2,1,4,1,,1,1
434,5/12/2020,11:44:07 AM,PA,19038,2,52,3,1,2,2,4,1,3,-8,-8,-8,-8,-8,0,4,2,2,1,2,4,Just driving around. Once taking my Dad to a doctor.,2,-8
435,5/12/2020,11:47:54 AM,PA,19063,2,68,2,0,2,2,3,1,1,3,5,1,-8,-8,5,4,4,2,2,5,4,Visit Uncle on his deck at his home 2 x . Chiropractor or physical therapist once a week for pain management.,2,2
436,5/12/2020,12:48:20 PM,PA,19143,2,33,2,0,1,1,4,4,1,1,5,3,-8,-8,60,4,4,1,6,3,1,,1,2
437,5/12/2020,1:49:05 PM,PA,19072,2,27,2,0,0,1,3,4,1,1,4,3,-8,-8,60,3,4,3,1,4,3,Moved in with partner for lockdown so have to check on my apartment regularly,1,3
438,5/12/2020,2:15:15 PM,PA,18104,2,49,4,2,2,2,4,1,1,1,4,1,-8,-8,5,2,3,4,3,4,3,I went to my workplace two times to retrieve teaching materials.,2,-8
439,5/12/2020,6:28:16 PM,PA,17601,2,26,2,0,2,1,3,4,3,1,7,1,-8,-8,20,4,1,4,7,5,4,Help mother with laundry,1,1
440,5/13/2020,6:38:00 AM,PA,19123,2,35,1,0,0,1,3,4,1,1,7,3,-8,-8,12,1,1,2,3,1,2,Delivering items to a friend,1,1
441,5/13/2020,12:14:33 PM,PA,19147,2,30,2,0,1,1,4,4,1,1,4,5,-8,-8,20,3,3,3,7,5,4,Social distance friend visits/ family,2,-8
442,5/13/2020,3:20:14 PM,PA,18018,2,32,3,0,3,1,4,1,1,1,4,1,-8,-8,10,3,4,4,6,4,1,,1,3
443,5/18/2020,10:11:13 AM,PA,15217,2,31,2,0,0,2,4,3,1,2,2,-8,-8,-8,0,1,2,3,5,2,1,,1,3
444,5/19/2020,2:14:11 PM,PA,18940,1,71,2,0,4,2,4,1,1,1,4,1,2,-8,40,3,3,4,5,1,1,N/A,1,3
445,5/26/2020,6:50:04 AM,PA,15208,1,70,2,0,1,2,4,1,2,1,4,4,-8,-8,40,4,4,4,2,5,4,"take out food, medical appointments",2,-8
446,5/26/2020,8:48:31 AM,PA,17870,1,32,2,0,2,2,3,3,1,1,4,1,-8,-8,90,3,2,2,2,5,1,,2,-8
447,5/26/2020,4:17:25 PM,PA,17349,2,49,5,3,2,2,4,1,1,3,4,1,-8,-8,150,2,1,3,6,1,4,Deliver food/cookies to neighbor/community front doors.,1,3
448,5/27/2020,6:59:00 AM,PA,19143,1,56,3,1,1,2,4,1,1,3,4,3,-8,-8,90,4,3,4,1,5,4,Getting out of the house,2,-8
449,5/27/2020,1:33:08 PM,PA,19311,2,44,4,2,2,2,4,1,1,1,5,1,-8,-8,30,3,3,1,2,4,1,,1,1
450,5/27/2020,9:32:30 PM,PA,19130,2,25,2,0,1,2,3,4,3,1,5,1,2,-8,30,2,1,2,4,5,4,,2,3
451,6/10/2020,7:14:30 AM,PA,17361,2,29,2,0,3,1,4,3,1,1,4,1,-8,-8,45,1,1,1,1,3,4,,2,-8
452,7/1/2020,10:47:40 AM,PA,19363,2,43,2,0,2,2,4,1,1,1,4,1,-8,-8,10,1,2,1,5,2,3,socially distance visit with friends,1,1
453,6/29/2020,6:58:48 PM,PA,19365,2,54,2,0,2,2,4,1,1,1,4,1,-8,1,45,4,1,4,2,3,3,Prescription pick up,2,-8
454,5/20/2020,8:39:58 PM,SC,29201,2,40,1,0,1,1,4,3,1,1,4,4,-8,-8,30,4,2,1,6,5,1,,2,-8
455,5/21/2020,9:12:14 AM,SC,29201,1,66,2,0,3,2,4,3,1,1,4,4,-8,-8,30,3,2,1,1,3,1,,1,2
456,5/27/2020,5:38:58 PM,SC,29205,2,71,1,0,1,1,4,1,1,1,1,1,2,1,60,3,4,3,7,5,4,"shopping, medical appointment, lunch",2,-8
457,6/13/2020,11:37:55 AM,TN,37206,2,44,5,3,3,2,4,1,1,1,6,1,-8,-8,15,3,4,4,3,5,1,,2,-8
458,4/12/2020,7:58:09 AM,TX,77054,2,35,3,1,2,2,4,4,3,-8,-8,1,2,-8,N/A,4,2,1,1,1,3,Just driving,1,2
459,4/17/2020,1:33:48 PM,TX,76013,2,30,6,0,5,-8,4,1,1,3,6,1,-8,-8,35,3,2,3,2,5,3,,1,2
460,4/18/2020,9:32:02 AM,TX,77077,2,48,3,0,3,2,4,1,1,1,4,3,1,1,50,3,3,4,7,2,3,Take out,1,2
461,4/22/2020,8:04:24 PM,TX,75019,2,47,4,1,4,2,3,1,1,1,7,1,-8,-8,15,2,3,4,7,4,3,Delivering food to neighbor,2,-8
462,5/12/2020,9:37:57 AM,TX,78745,2,47,2,0,2,2,3,1,1,2,2,-8,2,-8,0,2,4,4,4,3,1,,2,-8
463,5/18/2020,11:23:16 AM,TX,77546,1,64,2,2,2,2,4,1,1,3,6,3,-8,-8,55,4,3,3,4,5,4,To mail letters and packages,2,2
464,5/22/2020,4:40:22 PM,TX,76021,1,55,4,2,2,2,4,1,1,1,4,1,-8,-8,22,1,2,1,2,3,4,"Lawn and garden, hardware store",1,1
465,5/22/2020,5:41:12 PM,TX,78209,1,29,1,0,1,1,4,1,1,1,4,1,-8,-8,15,3,4,2,2,3,2,Went to the bank,1,2
466,5/26/2020,7:42:57 AM,TX,77845,2,43,4,2,2,2,4,1,2,1,6,1,-8,-8,25,3,3,2,6,3,1,,1,1
467,5/27/2020,5:24:08 PM,TX,78748,2,40,4,2,2,2,3,1,1,3,4,1,-8,-8,20,3,2,2,1,3,4,"Pick up/drop off school supplies, buy new books/toys for kids, home improvement supplies",1,1
468,6/24/2020,11:55:43 AM,TX,77840,1,25,3,0,0,1,4,4,2,3,4,3,2,-8,60,4,4,3,7,5,2,Moving,1,1
469,4/12/2020,4:40:22 PM,TX,75206,2,39,4,2,1,2,4,4,3,-8,7,1,2,-8,40,4,1,2,1,4,1,,2,-8
470,4/15/2020,12:05:49 PM,TN,38111,1,28,1,0,0,2,4,4,1,1,6,4,2,-8,20,3,2,2,2,4,1,,1,1
471,4/18/2020,1:18:30 AM,TN,37042,1,32,2,0,2,1,4,1,3,-8,-8,-8,-8,-8,0,1,1,1,1,3,1,,1,3
472,5/12/2020,11:52:52 PM,TN,38114,2,58,2,0,2,2,4,1,1,2,2,-8,-8,-8,0,4,4,4,7,1,1,,1,1
473,4/12/2020,11:50:32 AM,TX,75214,2,40,1,1,1,1,4,3,1,1,6,3,-8,-8,30,2,3,4,1,2,1,,2,-8
474,6/1/2020,4:13:10 PM,TX,75218,2,41,3,1,2,2,4,1,1,1,6,1,-8,-8,40,2,1,3,6,5,3,"pick up school work for kid, drive by friend's house to wave for her birthday",2,-8
475,6/4/2020,2:44:22 PM,TX,78746,2,61,2,0,2,2,4,1,1,3,4,1,-8,-8,25,3,4,4,6,5,4,Bring supplies to mother in Assisted Living; essential doctor appointments; Vet visit; take a drive to see Hill Country scenery and bluebonnets in bloom.,2,-8
476,5/13/2020,7:10:26 PM,UT,84321,1,34,2,0,1,2,4,1,1,1,4,3,-8,-8,30,3,1,1,2,3,4,Brief work at my workplace,2,-8
477,5/28/2020,12:07:29 AM,UT,84084,1,42,7,4,4,2,4,1,1,1,6,1,-8,-8,10,2,3,2,2,4,4,"Commuting when needed at the office, driving children to their work location",1,2
478,4/12/2020,1:13:44 AM,VA,22182,2,40,4,2,2,2,4,1,1,1,4,1,-8,-8,15,2,2,3,4,4,1,,1,3
479,4/12/2020,9:00:27 AM,VA,22015,2,38,3,1,2,3,4,3,3,1,7,1,2,-8,35,4,4,2,2,3,4,"Running, walking dog",2,2
480,4/12/2020,11:18:46 AM,VA,20165,2,29,2,2,2,2,4,3,1,3,5,1,-8,-8,35,3,2,3,7,3,3,Home improvement,2,-8
481,4/12/2020,2:38:13 PM,VA,22209,1,35,3,0,2,2,4,4,1,3,4,1,-8,-8,30,3,2,2,3,5,2,Go to work to pick up something,2,-8
482,4/12/2020,7:58:19 PM,VA,22101,2,39,5,2,3,2,4,1,1,1,6,1,-8,-8,15,2,3,3,6,2,1,,2,-8
483,4/12/2020,9:10:19 PM,VA,24060,2,39,3,,1,2,4,1,1,1,6,1,-8,-8,10,4,3,2,2,3,1,,1,2
484,4/12/2020,10:10:29 PM,VA,24060,2,33,3,1,2,2,4,1,1,1,4,1,-8,-8,30,3,3,2,1,5,1,,1,1
485,4/12/2020,10:46:28 PM,VA,22101,2,36,3,1,2,2,4,1,1,3,6,1,-8,-8,30,1,1,3,1,4,2,Driving to airport,2,-8
486,4/12/2020,11:36:06 PM,VA,20165,1,33,2,2,2,2,4,3,1,3,6,1,2,-8,120,4,3,2,4,3,4,Eating out,2,-8
487,4/13/2020,10:39:05 AM,VA,24060,2,36,3,1,2,2,4,1,1,1,4,1,-8,-8,5,2,2,1,4,3,3,Drive around to see some scenery,1,2
488,4/14/2020,8:16:00 AM,VA,22207,2,28,3,0,3,1,4,2,1,1,4,1,-8,-8,15,3,4,4,6,5,2,Took cat to vet - contactless drop off and pick up,2,-8
489,4/14/2020,2:46:33 PM,VA,22201,1,27,1,0,1,1,3,3,1,1,4,1,2,-8,20,2,3,4,3,4,2,Picking up take out food,2,-8
490,4/14/2020,9:47:15 PM,VA,22204,2,26,2,0,1,2,3,4,1,1,4,1,-8,-8,10,2,3,4,6,3,3,Curbside restaurant pick up,2,-8
491,4/16/2020,3:15:41 PM,VA,22305,2,50,3,0,3,2,3,1,1,1,6,1,-8,7,30,2,1,2,2,4,4,other necessities and following up with family,2,-8
492,4/23/2020,2:35:34 AM,VA,22182,2,37,3,1,1,2,4,1,3,-8,-8,4,-8,-8,45,2,3,2,6,5,1,,2,-8
493,4/23/2020,11:17:14 AM,VA,22310,2,56,3,0,2,2,3,3,3,-8,-8,-8,-8,-8,10,3,1,2,1,4,3,Going to my daughter,2,-8
494,4/23/2020,12:45:29 PM,VA,22042,2,35,4,1,2,2,4,1,1,3,4,1,-8,-8,30,2,2,3,2,5,1,,1,2
495,5/8/2020,4:49:19 PM,VA,22181,1,74,2,0,2,2,4,3,1,3,4,1,-8,-8,60,2,3,3,1,5,3,"Shopping - pharmacy, just ride around and escape",2,-8
496,5/13/2020,7:33:40 AM,VA,22310,1,52,3,2,2,2,4,1,1,3,4,3,-8,-8,60,3,2,2,2,5,4,restaurant take out,2,-8
497,5/13/2020,5:15:40 PM,VA,22203,2,51,3,1,1,2,4,3,1,1,3,1,-8,-8,20,1,1,2,1,4,4,"Work 3x/week, a long drive 1x",1,1
498,5/14/2020,2:27:39 PM,VA,22031,1,39,3,1,1,2,4,4,1,1,5,1,-8,-8,35,3,1,3,2,3,4,"Drive to work, and drive around",2,-8
499,5/16/2020,5:05:26 PM,VA,20191,1,47,2,0,2,2,4,3,1,1,4,1,-8,-8,60,4,3,2,4,1,1,,1,3
500,5/20/2020,3:17:09 PM,VA,22102,1,01-21-1930,2,0,1,2,4,3,4,-8,-8,1,2,1,60,2,4,3,3,1,4,to meet my daughters,1,3
501,5/20/2020,6:44:47 PM,VA,22039,1,78,3,0,1,2,4,1,4,-8,3,1,2,1,40,2,3,2,2,4,2,friends and work,2,-8
502,5/26/2020,7:36:38 AM,VA,22124,1,80,2,0,2,2,4,1,4,-8,-8,1,2,-8,45,3,2,2,2,5,4,Physical therapy 3 times a week,2,-8
503,5/26/2020,8:31:34 AM,VA,22902,1,38,4,2,2,2,4,1,1,3,4,5,-8,-8,22,3,2,3,4,3,4,"Socially distanced visit with in-laws, volunteer work at church, one visit to the office",2,-8
504,5/26/2020,10:32:49 AM,VA,20152,2,41,4,2,2,2,4,1,1,1,4,1,-8,-8,40,2,2,2,3,3,3,Go to doctor due to emergency with my son,2,-8
505,5/26/2020,11:01:38 AM,VA,22207,2,30+,1,0,0,1,4,4,2,1,1,5,2,-8,20,4,3,2,6,3,1,,1,2
506,5/27/2020,7:44:15 AM,VA,22307,1,74,2,0,3,2,3,1,4,-8,-8,6,2,-8,30,2,4,3,2,5,4,Preparing summer rental house for renting,2,-8
507,6/28/2020,2:00:56 PM,VA,22314,2,29,2,0,2,1,3,4,1,1,4,1,-8,-8,30,4,2,2,4,3,4,Visit parents,2,2
508,4/10/2020,5:58:37 PM,WA,98105,2,37,4,2,1,2,4,4,1,2,4,7,-8,-8,0,3,1,2,3,4,1,,2,-8
509,4/10/2020,6:47:39 PM,WA,98105,2,29,2,0,1,2,4,4,3,-8,-8,1,2,-8,N/A,3,1,4,5,3,1,,2,-8
510,4/10/2020,6:50:08 PM,WA,98072,2,39,3,1,1,2,4,1,1,2,6,1,2,-8,40,4,1,2,2,2,1,,1,-8
511,4/10/2020,7:52:13 PM,WA,98021,2,35,5,2,3,2,4,1,1,1,1,1,2,-8,30,2,1,1,4,4,1,,2,-8
512,4/10/2020,11:00:08 PM,WA,98034,2,36,3,1,1,2,4,1,1,1,4,1,-8,-8,30,1,2,2,2,3,1,,1,3
513,4/10/2020,11:04:53 PM,WA,98004,2,34,4,1,1,2,4,4,1,1,4,4,-8,-8,10,3,2,1,5,5,1,,2,2
514,4/11/2020,2:09:44 AM,WA,98105,2,29,3,1,1,2,3,1,3,-8,-8,2,1,-8,N/A,4,2,3,1,2,4,Going to park for a walk,2,-8
515,4/11/2020,2:15:59 AM,WA,98105,1,36,3,1,1,2,4,1,1,1,4,5,-8,-8,25,3,4,2,4,5,3,Dental work,2,-8
516,4/12/2020,5:23:33 AM,WA,98103,1,30,3,0,1,1,4,3,1,3,6,4,-8,-8,15,3,4,4,7,1,1,,1,1
517,4/13/2020,2:36:04 AM,WA,98033,2,35,4,2,2,2,4,1,1,1,4,3,-8,-8,30,1,2,1,1,3,4,Walking around the neighborhood to get fresh air,1,2
518,4/15/2020,3:05:36 PM,WA,98033,2,33,2,2,2,2,4,1,1,1,4,1,-8,7,20,3,2,1,6,1,1,NA,1,1
519,4/15/2020,3:09:06 PM,WA,98033,1,37,2,0,2,2,4,1,1,1,4,1,-8,7,15,3,2,2,4,3,1,,1,2
520,4/16/2020,12:37:26 AM,WA,98012,1,36,5,1,2,2,4,1,1,1,4,3,-8,7,70,1,2,4,1,1,1,--,1,3
521,4/16/2020,1:40:10 PM,WA,98105,2,37,5,3,1,2,4,4,1,3,5,3,-8,7,15,1,1,2,1,3,1,,2,-8
522,4/17/2020,3:39:16 PM,WA,98155,2,34,5,3,1,2,4,1,1,3,5,1,-8,-8,15,2,2,1,1,3,4,Doctor appointments,2,3
523,4/17/2020,5:21:39 PM,WA,98012,2,33,3,2,2,2,4,1,1,1,1,1,2,-8,22,2,2,1,2,3,2,Delivering something to one of my friends,1,3
524,4/17/2020,5:47:14 PM,WA,98103,2,30,2,0,1,2,4,3,1,1,5,1,-8,-8,15,4,4,2,7,3,2,Dropping something off,2,-8
525,4/18/2020,2:04:55 AM,WA,98199,2,35,3,1,1,2,4,4,1,1,4,3,-8,-8,30,1,2,3,1,5,1,,2,-8
526,4/18/2020,2:14:29 AM,WA,98105,1,40,4,2,0,2,4,4,1,1,4,3,2,-8,30,4,4,4,7,2,1,,1,1
527,4/18/2020,11:26:27 AM,WA,98125,1,40,5,3,3,2,4,1,1,1,7,1,-8,-8,30,3,2,3,1,5,1,,1,2
528,4/19/2020,12:31:28 AM,WA,98052,1,35,1,0,1,1,3,4,1,3,4,3,-8,-8,50,2,2,4,1,4,4,visiting sister's family; pick up takeout,2,3
529,4/19/2020,2:51:50 PM,WA,98208,2,57,4,1,2,2,3,3,3,1,7,1,-8,-8,10,3,2,1,1,4,1,,1,3
530,4/20/2020,11:45:03 AM,WA,98101,2,29,2,2,1,1,3,4,1,1,5,1,-8,-8,40,4,3,2,6,1,2,I went camping with my partner - we live together.,1,1
531,4/22/2020,5:37:38 PM,WA,98103,2,29,2,0,3,2,3,4,1,2,6,1,-8,-8,10,2,2,4,2,4,4,"Doctor appointments, caring for family",2,2
532,4/22/2020,5:38:40 PM,WA,98105,1,39,4,2,1,2,3,1,1,1,4,1,-8,-8,30,3,3,1,6,5,4,Medical appointments,2,-8
533,4/22/2020,5:44:49 PM,WA,98115,1,39,5,3,2,-8,3,1,1,1,4,3,-8,-8,20,3,4,4,3,5,4,1. Dropping off and picking up children at child care that's not closed. 2. Picking up food from nearby restaurants. 3. Trip to hardware store.,2,2
534,4/22/2020,5:49:36 PM,WA,98103,2,44,4,2,2,2,4,1,1,1,7,1,-8,-8,30,3,3,2,5,5,1,,2,-8
535,4/22/2020,6:08:53 PM,WA,98103,1,28,2,2,3,2,3,4,1,1,4,1,-8,-8,150,2,2,2,1,4,4,,2,-8
536,4/22/2020,6:15:57 PM,WA,98115,2,44,4,2,2,2,3,1,1,2,2,1,-8,-8,0,4,3,3,1,3,3,Home Depot for home projects,1,3
537,4/22/2020,7:07:57 PM,WA,98115,1,42,4,2,3,2,3,1,1,1,1,1,2,-8,15,4,2,3,3,5,4,To go to work,1,3
538,4/22/2020,8:38:14 PM,WA,98115,1,42,4,2,3,2,3,1,1,1,1,1,2,-8,15,4,2,3,3,5,4,To go to work,1,3
539,4/22/2020,10:43:12 PM,WA,98115,2,41,5,3,1,2,4,1,1,1,4,1,1,7,10,3,3,3,5,3,2,garden store,1,2
540,4/23/2020,2:24:22 AM,WA,98103,1,59,4,2,4,2,4,1,1,1,1,1,2,-8,60,2,2,1,4,5,4,work,2,-8
541,4/24/2020,11:14:31 AM,WA,98133,2,44,4,2,2,2,3,1,1,1,5,1,-8,-8,18,3,2,1,7,1,3,"My husband & I also own are urban farmers and do weekly CSA doorstep deliveries. To note, he leaves everyday (M-F) and his workload has increased now that farmers markets are closed.",1,1
542,4/24/2020,3:04:03 PM,WA,98115,2,43,4,2,2,2,4,1,1,1,5,1,-8,-8,40,2,2,1,7,4,2,Short drive to give the kids a new activity.,2,-8
543,4/30/2020,4:44:46 PM,WA,98115,2,41,4,2,2,2,3,1,1,2,2,1,2,-8,25,2,2,4,3,3,3,post office,2,-8
544,5/8/2020,3:46:03 PM,WA,98629,1,59,2,0,2,2,3,1,1,3,3,1,2,-8,65,3,3,2,4,5,4,"Get out of the house, stir crazy",2,-8
545,5/12/2020,10:42:59 AM,WA,98092,2,49,1,0,1,1,4,1,1,1,3,4,2,-8,15,3,3,2,1,3,4,work,2,-8
546,5/12/2020,12:11:08 PM,WA,98033,2,49,3,1,2,2,4,1,1,3,4,1,-8,-8,90,3,4,2,3,3,2,Take kid to meet up with a friend (social distancing observed),2,2
547,5/12/2020,1:08:25 PM,WA,98119,2,49,2,2,1,1,4,3,1,3,4,3,-8,-8,20,2,3,1,1,1,4,Deliver grocery to nephew in the same city,1,1
548,5/12/2020,11:30:28 PM,WA,98103,1,30,3,0,1,1,4,3,1,2,6,4,-8,-8,15,3,1,4,1,5,1,,1,3
549,5/13/2020,11:58:04 AM,WA,98052,2,34,2,2,1,2,4,1,1,3,4,3,-8,-8,40,2,1,1,2,1,1,,1,3
550,5/13/2020,12:04:43 PM,WA,98006,2,53,4,2,2,2,4,1,1,1,4,3,-8,-8,60,1,2,1,2,5,3,"Post office, Car repair",2,2
551,5/18/2020,1:32:28 PM,WA,98119,2,29,2,0,1,2,3,4,1,2,5,1,-8,-8,10,1,2,2,2,3,3,Dropping off groceries or necessities to family,2,2
552,5/19/2020,8:50:52 PM,WA,98004,1,22,1,0,0,1,4,4,1,1,4,4,-8,-8,10,3,3,4,2,5,1,,2,-8
553,5/19/2020,8:52:27 PM,WA,98105,2,25,1,0,1,1,4,4,1,1,5,3,2,-8,15,3,3,4,7,5,4,Social gathering,2,2
554,5/20/2020,3:45:00 PM,WA,98125,2,22,2,0,0,2,3,1,1,1,1,3,2,-8,30,4,2,1,2,5,4,"I�ve gone out a few times for small errands not grocery or exercise related. Hardware store, book store, etc.",2,3
555,5/23/2020,12:54:39 AM,WA,98115,2,41,4,2,2,2,3,1,1,3,2,1,-8,-8,30,2,2,4,4,5,3,Went to park,1,3
556,5/26/2020,2:12:20 AM,WA,98104,1,44,4,2,2,2,4,2,1,3,4,3,-8,-8,30,3,2,2,6,2,3,Hiking in nature,1,1
557,5/26/2020,10:47:38 AM,WA,98036,1,62,4,2,2,2,4,1,1,3,4,3,-8,-8,60,1,2,4,5,1,1,,2,-8
558,5/26/2020,11:55:59 AM,WA,98502,2,53,1,0,1,1,4,1,1,1,4,5,-8,-8,12,2,2,3,1,3,3,meet one friend for social distance walk at nearby trail,2,-8
559,5/26/2020,11:58:31 AM,WA,98011,1,62,3,0,2,2,4,1,1,1,4,3,-8,-8,60,2,4,2,4,5,4,"Dealing with a rental home, picking up take-out food, going to the bank to get documents notarized.",2,-8
560,5/29/2020,3:45:57 AM,WA,98103,1,36,2,0,1,2,4,3,1,1,4,3,-8,-8,45,3,2,2,1,3,4,Hike,2,-8
561,4/17/2020,11:50:29 PM,WI,53705,2,29,2,0,1,2,4,4,1,3,4,3,-8,-8,N/A,2,2,3,4,4,1,,2,3
562,4/17/2020,11:08:46 PM,WI,53718,2,32,2,0,2,2,4,3,1,1,4,1,-8,-8,20,1,2,3,2,4,1,,2,-8
563,5/26/2020,10:59:31 AM,WI,53086,2,35,4,1,3,2,4,1,1,1,3,1,2,-8,35,2,4,3,7,3,2,go to lake house up north,1,3
564,5/27/2020,4:48:47 PM,WI,53204,1,69,1,0,1,1,4,2,2,-8,6,1,2,-8,0,3,4,4,2,5,4,I walk to deposit money in my bank ATM,2,-8
